YrMo,Monthly,Mthly Unc
1750.0833333333333,1.967,3.241
1750.1666666666667,2.03,4.099
1750.25,5.429,2.276
1750.3333333333333,8.049,2.231
1750.4166666666667,9.69,2.38
1750.5,12.4,1.554
1750.5833333333333,14.13,3.145
1750.6666666666667,14.004,1.425
1750.75,10.957,1.212
1750.8333333333333,7.062,2.518
1750.9166666666667,1.597,
1751.0,0.55,3.705
1751.0833333333333,1.046,3.489
1751.1666666666667,0.242,3.575
1751.25,5.402,2.353
1751.3333333333333,6.893,1.905
1751.4166666666667,10.375,
1751.5,12.013,2.831
1751.5833333333333,15.321,
1751.6666666666667,13.543,1.33
1751.75,10.715,1.707
1751.8333333333333,6.544,4.425
1751.9166666666667,2.985,2.216
1752.0,1.584,
1752.0833333333333,-0.667,3.047
1752.1666666666667,5.288,
1752.25,5.414,2.297
1752.3333333333333,6.687,2.033
1752.4166666666667,11.224,
1752.5,13.745,
1752.5833333333333,15.118,
1752.6666666666667,12.802,
1752.75,,
1752.8333333333333,7.813,1.64
1752.9166666666667,5.994,2.274
1753.0,2.514,3.665
1753.0833333333333,1.75,3.239
1753.1666666666667,1.714,3.386
1753.25,5.95,3.996
1753.3333333333333,7.227,1.41
1753.4166666666667,11.108,1.333
1753.5,12.97,1.881
1753.5833333333333,13.993,1.951
1753.6666666666667,12.539,2.794
1753.75,10.519,2.517
1753.8333333333333,8.569,1.916
1753.9166666666667,4.794,2.269
1754.0,-0.426,4.272
1754.0833333333333,1.963,3.742
1754.1666666666667,0.274,3.816
1754.25,3.795,4.817
1754.3333333333333,11.41,1.788
1754.4166666666667,11.897,2.649
1754.5,13.348,3.271
1754.5833333333333,14.429,1.349
1754.6666666666667,12.167,2.441
1754.75,10.168,2.84
1754.8333333333333,9.174,2.091
1754.9166666666667,5.666,2.47
1755.0,3.324,2.584
1755.0833333333333,1.641,3.709
1755.1666666666667,0.792,3.268
1755.25,3.373,2.706
1755.3333333333333,8.201,1.582
1755.4166666666667,11.381,4.274
1755.5,13.859,2.696
1755.5833333333333,14.703,2.504
1755.6666666666667,12.188,1.38
1755.75,10.441,1.645
1755.8333333333333,10.962,2.755
1755.9166666666667,4.851,3.045
1756.0,1.306,4.172
1756.0833333333333,3.204,3.916
1756.1666666666667,5.777,4.164
1756.25,4.46,3.898
1756.3333333333333,8.978,2.189
1756.4166666666667,12.018,3.633
1756.5,13.448,1.471
1756.5833333333333,13.752,1.959
1756.6666666666667,12.303,3.811
1756.75,11.061,2.183
1756.8333333333333,7.864,2.31
1756.9166666666667,3.797,2.454
1757.0,0.37,2.541
1757.0833333333333,-0.117,4.233
1757.1666666666667,4.235,3.77
1757.25,4.289,3.055
1757.3333333333333,8.018,2.026
1757.4166666666667,11.554,1.628
1757.5,15.477,2.248
1757.5833333333333,16.141,2.727
1757.6666666666667,15.937,3.702
1757.75,13.164,2.36
1757.8333333333333,5.392,1.764
1757.9166666666667,3.92,2.327
1758.0,0.489,3.891
1758.0833333333333,-2.111,3.046
1758.1666666666667,0.232,4.872
1758.25,3.462,2.708
1758.3333333333333,6.584,3.864
1758.4166666666667,8.428,2.295
1758.5,12.204,1.396
1758.5833333333333,12.779,1.648
1758.6666666666667,10.571,1.904
1758.75,9.372,1.287
1758.8333333333333,5.823,1.833
1758.9166666666667,4.936,3.133
1759.0,1.661,2.597
1759.0833333333333,3.767,2.911
1759.1666666666667,4.193,4.74
1759.25,4.29,2.12
1759.3333333333333,5.969,3.935
1759.4166666666667,9.085,1.892
1759.5,13.171,1.289
1759.5833333333333,11.882,1.876
1759.6666666666667,13.444,1.898
1759.75,11.11,1.825
1759.8333333333333,7.268,2.843
1759.9166666666667,3.2,3.128
1760.0,-1.398,3.428
1760.0833333333333,-1.991,3.62
1760.1666666666667,2.775,3.326
1760.25,1.805,2.925
1760.3333333333333,6.239,1.621
1760.4166666666667,9.541,2.878
1760.5,11.366,1.546
1760.5833333333333,11.623,1.95
1760.6666666666667,12.01,2.097
1760.75,9.698,2.485
1760.8333333333333,6.496,3.155
1760.9166666666667,4.821,1.965
1761.0,0.444,5.509
1761.0833333333333,-0.147,3.059
1761.1666666666667,1.818,5.221
1761.25,5.565,2.405
1761.3333333333333,6.933,1.924
1761.4166666666667,12.256,1.305
1761.5,15.898,3.413
1761.5833333333333,17.78,4.17
1761.6666666666667,13.29,3.782
1761.75,11.509,1.499
1761.8333333333333,5.988,3.071
1761.9166666666667,4.829,2.402
1762.0,-2.42,2.367
1762.0833333333333,5.262,4.256
1762.1666666666667,3.976,3.177
1762.25,3.342,2.783
1762.3333333333333,7.971,3.929
1762.4166666666667,9.831,1.39
1762.5,12.211,1.501
1762.5833333333333,12.825,2.17
1762.6666666666667,13.41,1.731
1762.75,9.722,1.808
1762.8333333333333,6.204,2.721
1762.9166666666667,6.016,2.98
1763.0,1.671,2.487
1763.0833333333333,-0.303,4.954
1763.1666666666667,0.415,3.01
1763.25,1.098,3.316
1763.3333333333333,6.571,3.16
1763.4166666666667,9.397,4.153
1763.5,11.292,3.407
1763.5833333333333,15.862,2.334
1763.6666666666667,12.493,4.152
1763.75,10.598,2.021
1763.8333333333333,6.27,1.944
1763.9166666666667,3.845,1.941
1764.0,2.447,2.856
1764.0833333333333,0.488,2.884
1764.1666666666667,5.479,3.149
1764.25,4.545,2.426
1764.3333333333333,7.017,3.77
1764.4166666666667,9.78,1.543
1764.5,10.841,2.585
1764.5833333333333,12.639,2.833
1764.6666666666667,12.339,1.137
1764.75,10.592,2.355
1764.8333333333333,10.041,1.875
1764.9166666666667,5.574,2.538
1765.0,5.284,2.492
1765.0833333333333,3.962,5.345
1765.1666666666667,3.12,3.355
1765.25,6.174,2.189
1765.3333333333333,8.841,1.371
1765.4166666666667,10.303,1.228
1765.5,10.291,1.411
1765.5833333333333,13.334,3.107
1765.6666666666667,13.151,0.977
1765.75,10.95,1.225
1765.8333333333333,8.071,1.481
1765.9166666666667,5.897,2.601
1766.0,2.952,2.304
1766.0833333333333,-0.686,5.626
1766.1666666666667,4.043,3.824
1766.25,5.345,2.134
1766.3333333333333,7.612,2.354
1766.4166666666667,10.899,1.561
1766.5,12.788,4.47
1766.5833333333333,12.702,2.432
1766.6666666666667,13.428,1.88
1766.75,12.108,2.213
1766.8333333333333,8.327,1.765
1766.9166666666667,7.595,2.169
1767.0,2.699,2.475
1767.0833333333333,-0.933,4.903
1767.1666666666667,2.915,5.377
1767.25,6.149,4.073
1767.3333333333333,5.838,4.159
1767.4166666666667,9.66,1.151
1767.5,14.043,2.25
1767.5833333333333,12.833,3.002
1767.6666666666667,14.505,1.146
1767.75,11.605,1.898
1767.8333333333333,9.036,1.908
1767.9166666666667,8.244,5.179
1768.0,1.505,2.911
1768.0833333333333,-2.501,4.529
1768.1666666666667,-0.374,4.505
1768.25,1.645,3.672
1768.3333333333333,6.807,1.511
1768.4166666666667,8.534,2.107
1768.5,11.87,1.406
1768.5833333333333,13.768,1.467
1768.6666666666667,12.484,1.619
1768.75,10.726,1.705
1768.8333333333333,7.821,2.071
1768.9166666666667,4.923,3.297
1769.0,3.049,4.458
1769.0833333333333,2.48,4.065
1769.1666666666667,1.896,3.129
1769.25,4.155,3.239
1769.3333333333333,8.749,3.514
1769.4166666666667,12.519,3.061
1769.5,14.538,1.27
1769.5833333333333,13.928,2.661
1769.6666666666667,13.252,2.05
1769.75,11.248,1.311
1769.8333333333333,5.276,2.243
1769.9166666666667,2.921,1.866
1770.0,-0.665,2.736
1770.0833333333333,2.065,3.797
1770.1666666666667,3.331,3.303
1770.25,0.978,2.318
1770.3333333333333,9.477,3.766
1770.4166666666667,9.638,1.037
1770.5,11.216,2.868
1770.5833333333333,11.108,1.864
1770.6666666666667,11.445,2.293
1770.75,10.998,1.417
1770.8333333333333,9.133,1.668
1770.9166666666667,6.136,3.261
1771.0,4.843,4.531
1771.0833333333333,5.045,4.805
1771.1666666666667,-1.424,3.106
1771.25,1.6,2.714
1771.3333333333333,5.475,2.921
1771.4166666666667,9.542,1.704
1771.5,13.341,1.068
1771.5833333333333,13.415,1.12
1771.6666666666667,13.855,1.119
1771.75,11.36,1.328
1771.8333333333333,10.238,1.434
1771.9166666666667,4.665,1.988
1772.0,2.768,2.873
1772.0833333333333,1.548,4.989
1772.1666666666667,0.768,5.687
1772.25,2.166,2.367
1772.3333333333333,8.31,1.809
1772.4166666666667,9.079,1.33
1772.5,11.885,3.175
1772.5833333333333,14.221,3.168
1772.6666666666667,13.856,2.165
1772.75,10.303,2.217
1772.8333333333333,9.432,1.714
1772.9166666666667,8.259,3.55
1773.0,6.194,3.01
1773.0833333333333,-0.693,2.744
1773.1666666666667,1.162,3.165
1773.25,3.966,1.986
1773.3333333333333,9.34,1.96
1773.4166666666667,12.822,1.423
1773.5,12.374,0.862
1773.5833333333333,14.138,1.175
1773.6666666666667,13.441,1.247
1773.75,12.448,1.309
1773.8333333333333,9.392,1.403
1773.9166666666667,3.857,3.562
1774.0,5.929,3.185
1774.0833333333333,-0.641,4.782
1774.1666666666667,4.099,4.838
1774.25,4.947,2.291
1774.3333333333333,9.835,2.887
1774.4166666666667,16.804,2.758
1774.5,15.094,4.926
1774.5833333333333,16.097,4.974
1774.6666666666667,13.927,1.512
1774.75,10.819,1.456
1774.8333333333333,8.493,3.605
1774.9166666666667,3.163,2.185
1775.0,0.509,3.484
1775.0833333333333,3.869,4.206
1775.1666666666667,5.545,2.832
1775.25,6.731,1.828
1775.3333333333333,6.756,2.053
1775.4166666666667,10.315,3.839
1775.5,11.614,2.99
1775.5833333333333,14.022,1.716
1775.6666666666667,13.993,2.458
1775.75,10.898,2.532
1775.8333333333333,10.304,1.65
1775.9166666666667,8.148,2.848
1776.0,1.597,2.162
1776.0833333333333,-0.996,3.033
1776.1666666666667,3.886,3.311
1776.25,3.451,2.509
1776.3333333333333,6.42,2.044
1776.4166666666667,9.434,3.109
1776.5,13.613,1.127
1776.5833333333333,13.346,2.171
1776.6666666666667,14.359,1.477
1776.75,10.115,2.083
1776.8333333333333,7.62,3.235
1776.9166666666667,5.224,2.225
1777.0,4.497,2.681
1777.0833333333333,5.547,3.082
1777.1666666666667,4.034,2.793
1777.25,4.129,1.98
1777.3333333333333,5.163,2.16
1777.4166666666667,10.449,1.462
1777.5,11.599,2.416
1777.5833333333333,11.959,1.721
1777.6666666666667,12.123,1.295
1777.75,10.81,2.883
1777.8333333333333,6.475,2.778
1777.9166666666667,5.254,2.198
1778.0,3.258,2.396
1778.0833333333333,2.705,3.957
1778.1666666666667,5.033,3.24
1778.25,3.179,3.386
1778.3333333333333,9.613,1.983
1778.4166666666667,10.288,1.565
1778.5,10.826,4.358
1778.5833333333333,14.205,1.993
1778.6666666666667,11.85,2.366
1778.75,12.794,1.359
1778.8333333333333,7.418,3.175
1778.9166666666667,3.595,3.282
1779.0,1.773,2.262
1779.0833333333333,0.704,4.152
1779.1666666666667,4.174,6.203
1779.25,5.682,2.239
1779.3333333333333,8.508,2.605
1779.4166666666667,13.006,1.865
1779.5,11.44,2.538
1779.5833333333333,12.677,1.355
1779.6666666666667,13.07,1.27
1779.75,12.079,2.176
1779.8333333333333,9.028,2.798
1779.9166666666667,5.817,1.979
1780.0,2.27,2.931
1780.0833333333333,2.193,2.891
1780.1666666666667,3.589,4.774
1780.25,4.767,2.275
1780.3333333333333,12.537,3.414
1780.4166666666667,14.255,2.304
1780.5,13.653,2.97
1780.5833333333333,15.202,1.959
1780.6666666666667,12.617,2.519
1780.75,9.125,2.413
1780.8333333333333,9.797,1.673
1780.9166666666667,6.181,2.39
1781.0,2.011,2.905
1781.0833333333333,2.385,4.833
1781.1666666666667,2.194,6.124
1781.25,4.625,2.502
1781.3333333333333,6.863,2.175
1781.4166666666667,11.092,1.503
1781.5,11.773,1.74
1781.5833333333333,14.253,1.478
1781.6666666666667,14.421,1.019
1781.75,10.406,2.475
1781.8333333333333,8.73,1.411
1781.9166666666667,7.633,2.81
1782.0,3.237,3.351
1782.0833333333333,0.605,2.731
1782.1666666666667,0.877,3.656
1782.25,2.884,3.846
1782.3333333333333,8.527,1.661
1782.4166666666667,11.502,1.378
1782.5,13.614,1.112
1782.5833333333333,13.83,1.57
1782.6666666666667,15.363,2.296
1782.75,12.568,1.41
1782.8333333333333,8.594,1.538
1782.9166666666667,4.642,4.877
1783.0,1.949,4.02
1783.0833333333333,-0.927,3.507
1783.1666666666667,4.656,3.676
1783.25,4.246,2.351
1783.3333333333333,8.045,1.535
1783.4166666666667,12.064,3.108
1783.5,14.974,1.61
1783.5833333333333,13.214,1.328
1783.6666666666667,13.851,1.615
1783.75,9.841,2.648
1783.8333333333333,7.808,2.149
1783.9166666666667,2.36,2.791
1784.0,2.634,2.548
1784.0833333333333,2.325,4.834
1784.1666666666667,1.245,4.575
1784.25,4.158,1.9
1784.3333333333333,8.178,4.995
1784.4166666666667,9.539,1.504
1784.5,13.177,1.915
1784.5833333333333,14.61,3.853
1784.6666666666667,15.551,4.766
1784.75,10.414,1.956
1784.8333333333333,7.821,2.062
1784.9166666666667,5.022,1.875
1785.0,3.206,3.281
1785.0833333333333,2.325,3.434
1785.1666666666667,1.741,3.282
1785.25,1.309,3.156
1785.3333333333333,6.902,1.28
1785.4166666666667,10.063,2.36
1785.5,14.715,3.026
1785.5833333333333,14.537,3.48
1785.6666666666667,14.611,2.457
1785.75,10.648,1.347
1785.8333333333333,8.036,2.554
1785.9166666666667,6.176,2.905
1786.0,1.615,2.294
1786.0833333333333,0.384,2.842
1786.1666666666667,1.917,2.808
1786.25,5.817,3.663
1786.3333333333333,8.527,1.947
1786.4166666666667,11.43,1.771
1786.5,13.556,1.996
1786.5833333333333,15.272,2.524
1786.6666666666667,14.723,3.788
1786.75,12.7,3.784
1786.8333333333333,8.561,3.078
1786.9166666666667,3.487,4.395
1787.0,0.191,2.239
1787.0833333333333,3.314,3.872
1787.1666666666667,2.91,3.196
1787.25,5.13,3.173
1787.3333333333333,7.398,1.476
1787.4166666666667,11.53,2.793
1787.5,14.304,2.435
1787.5833333333333,13.614,2.193
1787.6666666666667,13.542,2.119
1787.75,10.209,1.796
1787.8333333333333,7.863,2.353
1787.9166666666667,5.151,2.349
1788.0,2.622,2.753
1788.0833333333333,0.314,3.109
1788.1666666666667,3.346,6.396
1788.25,4.524,3.133
1788.3333333333333,8.264,1.316
1788.4166666666667,10.759,1.777
1788.5,14.016,1.236
1788.5833333333333,16.499,3.934
1788.6666666666667,14.463,1.869
1788.75,11.921,1.337
1788.8333333333333,9.556,1.766
1788.9166666666667,6.523,2.009
1789.0,-0.344,3.968
1789.0833333333333,3.101,4.266
1789.1666666666667,2.33,3.495
1789.25,4.152,2.346
1789.3333333333333,7.309,1.184
1789.4166666666667,11.369,1.799
1789.5,13.211,1.523
1789.5833333333333,15.142,1.105
1789.6666666666667,13.856,1.002
1789.75,12.12,1.066
1789.8333333333333,8.264,2.386
1789.9166666666667,6.347,1.874
1790.0,4.06,1.723
1790.0833333333333,3.107,2.523
1790.1666666666667,3.365,2.497
1790.25,4.815,1.62
1790.3333333333333,6.798,1.919
1790.4166666666667,10.463,1.104
1790.5,13.561,1.526
1790.5833333333333,13.346,1.424
1790.6666666666667,13.311,0.924
1790.75,11.357,0.939
1790.8333333333333,8.722,1.354
1790.9166666666667,5.232,1.391
1791.0,3.822,4.193
1791.0833333333333,3.505,3.032
1791.1666666666667,3.451,2.255
1791.25,5.504,1.84
1791.3333333333333,8.573,1.211
1791.4166666666667,10.545,1.069
1791.5,13.252,1.27
1791.5833333333333,13.433,1.427
1791.6666666666667,13.802,1.036
1791.75,11.359,1.173
1791.8333333333333,8.064,1.147
1791.9166666666667,6.268,1.754
1792.0,3.671,2.258
1792.0833333333333,0.35,2.708
1792.1666666666667,3.691,2.817
1792.25,4.645,2.003
1792.3333333333333,7.869,1.409
1792.4166666666667,11.781,1.393
1792.5,14.327,1.123
1792.5833333333333,14.635,1.808
1792.6666666666667,12.606,1.557
1792.75,12.383,2.219
1792.8333333333333,7.952,1.532
1792.9166666666667,5.058,2.93
1793.0,3.461,1.932
1793.0833333333333,1.521,2.788
1793.1666666666667,4.676,3.009
1793.25,5.333,1.959
1793.3333333333333,8.781,1.719
1793.4166666666667,11.232,1.302
1793.5,13.453,1.969
1793.5833333333333,14.503,2.245
1793.6666666666667,13.364,2.366
1793.75,11.563,2.367
1793.8333333333333,8.409,1.924
1793.9166666666667,5.451,3.684
1794.0,2.116,2.185
1794.0833333333333,3.85,2.775
1794.1666666666667,3.087,4.076
1794.25,6.239,1.625
1794.3333333333333,8.848,2.231
1794.4166666666667,12.635,1.713
1794.5,12.417,1.424
1794.5833333333333,12.947,1.664
1794.6666666666667,13.57,1.256
1794.75,12.542,2.239
1794.8333333333333,9.192,1.259
1794.9166666666667,5.934,1.497
1795.0,3.38,2.038
1795.0833333333333,3.269,2.309
1795.1666666666667,4.769,3.33
1795.25,6.108,2.442
1795.3333333333333,9.468,1.556
1795.4166666666667,12.11,1.627
1795.5,12.91,1.416
1795.5833333333333,14.734,1.607
1795.6666666666667,13.94,1.464
1795.75,10.726,1.37
1795.8333333333333,8.275,1.892
1795.9166666666667,5.647,1.797
1796.0,3.905,2.021
1796.0833333333333,3.972,2.624
1796.1666666666667,3.64,2.47
1796.25,3.15,2.103
1796.3333333333333,7.634,1.105
1796.4166666666667,11.375,1.071
1796.5,14.519,1.946
1796.5833333333333,14.187,1.62
1796.6666666666667,14.69,2.329
1796.75,12.011,2.101
1796.8333333333333,9.169,1.459
1796.9166666666667,5.411,2.272
1797.0,1.246,2.584
1797.0833333333333,4.877,3.999
1797.1666666666667,6.128,2.496
1797.25,4.428,2.487
1797.3333333333333,7.012,2.408
1797.4166666666667,10.498,1.67
1797.5,14.028,1.492
1797.5833333333333,13.634,1.702
1797.6666666666667,13.958,1.409
1797.75,12.057,2.233
1797.8333333333333,8.858,1.439
1797.9166666666667,4.716,1.535
1798.0,3.551,2.073
1798.0833333333333,3.148,2.3
1798.1666666666667,3.259,2.382
1798.25,6.392,1.733
1798.3333333333333,7.935,1.811
1798.4166666666667,11.166,3.374
1798.5,13.34,1.489
1798.5833333333333,14.821,1.467
1798.6666666666667,15.03,1.889
1798.75,11.355,1.991
1798.8333333333333,8.572,1.764
1798.9166666666667,6.009,2.158
1799.0,2.132,1.996
1799.0833333333333,2.317,2.272
1799.1666666666667,0.97,2.209
1799.25,3.283,1.931
1799.3333333333333,8.377,1.462
1799.4166666666667,11.214,0.861
1799.5,13.614,0.75
1799.5833333333333,14.332,1.401
1799.6666666666667,13.607,1.047
1799.75,11.849,1.107
1799.8333333333333,9.317,1.176
1799.9166666666667,6.564,2.51
1800.0,1.776,1.689
1800.0833333333333,1.949,1.941
1800.1666666666667,2.408,2.378
1800.25,4.196,2.865
1800.3333333333333,9.053,1.258
1800.4166666666667,10.551,1.05
1800.5,13.365,1.163
1800.5833333333333,13.715,1.002
1800.6666666666667,13.653,1.03
1800.75,11.048,1.259
1800.8333333333333,9.33,1.568
1800.9166666666667,5.934,1.512
1801.0,3.71,1.557
1801.0833333333333,3.673,2.331
1801.1666666666667,3.721,3.289
1801.25,6.697,1.399
1801.3333333333333,7.612,1.076
1801.4166666666667,12.446,2.367
1801.5,13.117,0.942
1801.5833333333333,14.475,1.226
1801.6666666666667,12.741,1.262
1801.75,11.889,1.3
1801.8333333333333,10.426,3.606
1801.9166666666667,5.78,1.574
1802.0,4.767,2.561
1802.0833333333333,4.296,2.426
1802.1666666666667,4.573,2.808
1802.25,6.565,1.691
1802.3333333333333,8.816,1.343
1802.4166666666667,10.214,1.26
1802.5,13.594,1.187
1802.5833333333333,14.208,1.873
1802.6666666666667,13.474,2.224
1802.75,12.135,1.415
1802.8333333333333,9.322,1.635
1802.9166666666667,5.158,1.47
1803.0,3.107,1.437
1803.0833333333333,1.26,2.155
1803.1666666666667,2.187,3.707
1803.25,5.029,2.372
1803.3333333333333,9.153,1.577
1803.4166666666667,11.644,1.588
1803.5,13.786,1.125
1803.5833333333333,14.594,1.078
1803.6666666666667,14.715,1.104
1803.75,12.357,1.368
1803.8333333333333,9.999,2.675
1803.9166666666667,5.794,1.888
1804.0,2.874,3.257
1804.0833333333333,2.252,3.066
1804.1666666666667,1.913,2.217
1804.25,4.105,2.566
1804.3333333333333,9.554,1.504
1804.4166666666667,12.015,1.123
1804.5,13.621,1.546
1804.5833333333333,15.687,1.082
1804.6666666666667,14.126,1.286
1804.75,12.398,1.908
1804.8333333333333,9.004,1.165
1804.9166666666667,6.842,3.345
1805.0,2.601,1.754
1805.0833333333333,3.027,2.3
1805.1666666666667,2.747,2.311
1805.25,5.792,1.588
1805.3333333333333,8.491,1.708
1805.4166666666667,11.247,1.242
1805.5,14.028,0.985
1805.5833333333333,14.586,1.241
1805.6666666666667,15.185,1.335
1805.75,12.011,2.114
1805.8333333333333,7.454,1.396
1805.9166666666667,4.396,1.827
1806.0,4.49,1.903
1806.0833333333333,3.211,2.04
1806.1666666666667,3.047,2.49
1806.25,4.752,1.853
1806.3333333333333,8.007,2.04
1806.4166666666667,11.751,1.105
1806.5,12.414,0.942
1806.5833333333333,13.908,1.457
1806.6666666666667,14.669,0.973
1806.75,12.636,1.332
1806.8333333333333,8.504,1.168
1806.9166666666667,5.159,1.785
1807.0,4.145,1.695
1807.0833333333333,1.062,2.532
1807.1666666666667,3.393,2.495
1807.25,4.589,2.316
1807.3333333333333,6.923,1.59
1807.4166666666667,9.126,1.029
1807.5,13.274,1.111
1807.5833333333333,14.141,1.742
1807.6666666666667,13.472,1.279
1807.75,12.602,1.131
1807.8333333333333,8.929,1.112
1807.9166666666667,6.148,1.53
1808.0,4.515,1.159
1808.0833333333333,1.153,4.193
1808.1666666666667,2.164,1.967
1808.25,4.199,2.855
1808.3333333333333,7.303,1.454
1808.4166666666667,9.346,2.042
1808.5,13.242,1.256
1808.5833333333333,14.421,1.105
1808.6666666666667,13.051,1.091
1808.75,11.864,1.464
1808.8333333333333,8.46,1.699
1808.9166666666667,4.531,2.108
1809.0,1.55,2.047
1809.0833333333333,0.357,3.198
1809.1666666666667,1.012,2.076
1809.25,3.344,2.874
1809.3333333333333,7.8,1.934
1809.4166666666667,9.485,1.431
1809.5,12.938,1.335
1809.5833333333333,12.692,2.275
1809.6666666666667,13.123,1.317
1809.75,11.145,1.243
1809.8333333333333,8.561,2.562
1809.9166666666667,3.185,2.744
1810.0,2.523,1.674
1810.0833333333333,0.684,2.325
1810.1666666666667,2.493,2.637
1810.25,5.088,3.016
1810.3333333333333,6.833,1.679
1810.4166666666667,9.269,1.834
1810.5,11.697,1.709
1810.5833333333333,12.558,1.359
1810.6666666666667,12.298,1.208
1810.75,9.905,1.543
1810.8333333333333,7.017,1.642
1810.9166666666667,4.11,2.685
1811.0,2.77,2.102
1811.0833333333333,1.039,2.052
1811.1666666666667,0.268,2.358
1811.25,4.028,2.868
1811.3333333333333,6.172,1.29
1811.4166666666667,9.817,1.22
1811.5,12.522,1.035
1811.5833333333333,12.25,1.583
1811.6666666666667,13.443,1.39
1811.75,10.494,2.079
1811.8333333333333,7.125,2.448
1811.9166666666667,3.581,1.551
1812.0,3.814,2.12
1812.0833333333333,1.366,3.995
1812.1666666666667,0.261,2.764
1812.25,2.269,2.18
1812.3333333333333,6.937,3.131
1812.4166666666667,9.583,1.286
1812.5,11.851,1.071
1812.5833333333333,14.343,1.498
1812.6666666666667,15.399,1.294
1812.75,10.46,2.798
1812.8333333333333,7.835,1.501
1812.9166666666667,4.675,2.867
1813.0,1.514,3.014
1813.0833333333333,-1.234,2.416
1813.1666666666667,2.281,2.089
1813.25,2.129,1.684
1813.3333333333333,8.143,2.42
1813.4166666666667,11.518,3.833
1813.5,13.054,1.329
1813.5833333333333,14.272,1.198
1813.6666666666667,13.059,0.929
1813.75,12.321,2.004
1813.8333333333333,8.622,1.911
1813.9166666666667,6.852,2.167
1814.0,2.351,2.52
1814.0833333333333,1.923,2.477
1814.1666666666667,1.86,2.404
1814.25,2.612,2.357
1814.3333333333333,7.066,1.521
1814.4166666666667,9.33,2.21
1814.5,12.747,0.961
1814.5833333333333,12.478,2.149
1814.6666666666667,12.833,1.362
1814.75,10.671,1.266
1814.8333333333333,7.61,1.811
1814.9166666666667,6.873,3.749
1815.0,6.314,3.998
1815.0833333333333,1.975,1.67
1815.1666666666667,2.312,2.241
1815.25,3.645,2.511
1815.3333333333333,6.584,2.416
1815.4166666666667,9.951,1.565
1815.5,11.087,1.004
1815.5833333333333,14.266,2.341
1815.6666666666667,13.295,1.492
1815.75,11.231,1.212
1815.8333333333333,7.328,2.512
1815.9166666666667,4.081,1.533
1816.0,1.336,1.786
1816.0833333333333,2.836,3.923
1816.1666666666667,-0.482,2.537
1816.25,3.862,1.558
1816.3333333333333,7.566,2.134
1816.4166666666667,10.726,1.315
1816.5,11.656,1.399
1816.5833333333333,12.1,1.173
1816.6666666666667,12.698,1.007
1816.75,10.406,0.957
1816.8333333333333,5.51,4.1
1816.9166666666667,4.236,4.301
1817.0,2.079,1.699
1817.0833333333333,1.892,3.386
1817.1666666666667,4.137,2.887
1817.25,5.181,1.773
1817.3333333333333,8.396,1.499
1817.4166666666667,9.601,1.231
1817.5,11.062,1.34
1817.5833333333333,12.139,1.518
1817.6666666666667,13.302,1.358
1817.75,8.428,1.279
1817.8333333333333,6.419,1.827
1817.9166666666667,4.967,1.216
1818.0,0.951,1.884
1818.0833333333333,2.091,2.51
1818.1666666666667,1.565,1.759
1818.25,6.241,2.871
1818.3333333333333,10.316,4.404
1818.4166666666667,11.847,2.285
1818.5,14.275,2.617
1818.5833333333333,13.703,1.053
1818.6666666666667,13.275,1.112
1818.75,10.5,1.195
1818.8333333333333,6.888,1.533
1818.9166666666667,6.05,2.845
1819.0,2.801,1.663
1819.0833333333333,1.394,1.776
1819.1666666666667,2.327,2.18
1819.25,2.763,3.63
1819.3333333333333,6.87,1.214
1819.4166666666667,10.538,1.686
1819.5,12.619,2.126
1819.5833333333333,13.003,1.086
1819.6666666666667,12.626,1.482
1819.75,11.275,0.936
1819.8333333333333,8.632,1.194
1819.9166666666667,5.301,1.177
1820.0,1.857,1.886
1820.0833333333333,0.227,2.545
1820.1666666666667,2.574,2.148
1820.25,4.725,1.468
1820.3333333333333,9.48,1.267
1820.4166666666667,11.573,1.492
1820.5,13.369,0.939
1820.5833333333333,13.719,0.839
1820.6666666666667,12.252,1.069
1820.75,11.382,1.245
1820.8333333333333,7.552,0.986
1820.9166666666667,4.663,0.926
1821.0,1.727,1.539
1821.0833333333333,3.029,2.249
1821.1666666666667,4.086,2.329
1821.25,5.474,1.314
1821.3333333333333,7.893,0.87
1821.4166666666667,11.156,1.303
1821.5,12.139,1.597
1821.5833333333333,12.923,1.508
1821.6666666666667,12.894,0.862
1821.75,9.99,1.078
1821.8333333333333,8.15,0.861
1821.9166666666667,5.301,1.426
1822.0,2.643,1.19
1822.0833333333333,2.37,1.743
1822.1666666666667,4.176,1.643
1822.25,7.442,1.46
1822.3333333333333,8.021,1.12
1822.4166666666667,10.748,1.003
1822.5,13.063,1.234
1822.5833333333333,13.731,0.829
1822.6666666666667,13.108,0.917
1822.75,10.475,1.28
1822.8333333333333,7.787,1.327
1822.9166666666667,4.605,1.349
1823.0,0.859,1.475
1823.0833333333333,1.829,1.732
1823.1666666666667,2.237,1.42
1823.25,4.82,1.619
1823.3333333333333,7.628,1.757
1823.4166666666667,10.597,1.437
1823.5,13.384,1.438
1823.5833333333333,14.253,0.842
1823.6666666666667,12.95,1.261
1823.75,10.507,1.295
1823.8333333333333,7.644,1.176
1823.9166666666667,4.71,1.374
1824.0,2.425,1.714
1824.0833333333333,2.999,1.628
1824.1666666666667,2.751,1.431
1824.25,5.282,1.231
1824.3333333333333,8.426,0.978
1824.4166666666667,11.275,0.859
1824.5,13.275,1.386
1824.5833333333333,14.275,1.256
1824.6666666666667,12.995,0.873
1824.75,11.436,1.383
1824.8333333333333,7.962,1.024
1824.9166666666667,5.402,1.503
1825.0,4.558,2.122
1825.0833333333333,2.774,1.531
1825.1666666666667,2.868,1.591
1825.25,4.935,1.535
1825.3333333333333,9.041,1.632
1825.4166666666667,11.023,1.034
1825.5,13.41,0.821
1825.5833333333333,13.248,1.13
1825.6666666666667,12.884,1.188
1825.75,10.886,1.045
1825.8333333333333,8.245,1.12
1825.9166666666667,5.869,1.927
1826.0,3.149,1.33
1826.0833333333333,2.089,1.481
1826.1666666666667,1.799,1.602
1826.25,4.752,1.944
1826.3333333333333,8.275,1.562
1826.4166666666667,11.827,0.998
1826.5,13.223,1.026
1826.5833333333333,14.216,0.784
1826.6666666666667,12.964,0.82
1826.75,11.073,0.797
1826.8333333333333,8.613,1.167
1826.9166666666667,6.841,0.911
1827.0,4.875,1.114
1827.0833333333333,3.724,1.942
1827.1666666666667,3.81,1.603
1827.25,5.804,1.4
1827.3333333333333,9.362,1.81
1827.4166666666667,11.735,1.412
1827.5,13.441,0.659
1827.5833333333333,14.432,0.739
1827.6666666666667,13.437,1.022
1827.75,11.2,0.759
1827.8333333333333,8.705,0.913
1827.9166666666667,6.184,1.258
1828.0,3.268,1.808
1828.0833333333333,0.94,2.007
1828.1666666666667,1.961,2.49
1828.25,5.564,1.461
1828.3333333333333,8.739,1.612
1828.4166666666667,11.368,1.443
1828.5,13.619,1.552
1828.5833333333333,14.33,1.029
1828.6666666666667,13.431,0.921
1828.75,9.986,0.925
1828.8333333333333,8.629,0.95
1828.9166666666667,5.778,0.991
1829.0,2.398,1.26
1829.0833333333333,1.767,1.737
1829.1666666666667,1.615,1.671
1829.25,4.837,1.234
1829.3333333333333,7.756,1.599
1829.4166666666667,11.204,2.286
1829.5,12.549,1.332
1829.5833333333333,14.046,0.887
1829.6666666666667,13.107,1.221
1829.75,10.562,1.186
1829.8333333333333,8.541,0.94
1829.9166666666667,5.053,1.999
1830.0,2.746,1.525
1830.0833333333333,3.142,1.778
1830.1666666666667,4.079,1.422
1830.25,4.526,1.743
1830.3333333333333,8.741,1.135
1830.4166666666667,10.139,1.146
1830.5,12.61,1.709
1830.5833333333333,14.54,0.951
1830.6666666666667,13.257,0.962
1830.75,10.413,1.155
1830.8333333333333,8.145,1.47
1830.9166666666667,7.527,1.517
1831.0,4.531,1.499
1831.0833333333333,2.412,1.874
1831.1666666666667,2.505,2.651
1831.25,4.557,2.321
1831.3333333333333,7.824,1.307
1831.4166666666667,10.965,2.572
1831.5,12.919,1.698
1831.5833333333333,13.385,1.014
1831.6666666666667,12.186,1.412
1831.75,10.083,1.689
1831.8333333333333,7.85,0.775
1831.9166666666667,4.62,2.849
1832.0,2.285,1.36
1832.0833333333333,2.05,1.494
1832.1666666666667,1.752,1.88
1832.25,4.768,1.172
1832.3333333333333,7.927,0.892
1832.4166666666667,10.51,1.364
1832.5,12.46,1.094
1832.5833333333333,13.493,2.443
1832.6666666666667,12.103,1.449
1832.75,10.341,1.731
1832.8333333333333,8.517,0.751
1832.9166666666667,4.268,1.453
1833.0,1.179,1.629
1833.0833333333333,2.212,1.891
1833.1666666666667,2.777,1.242
1833.25,4.227,1.305
1833.3333333333333,7.779,0.93
1833.4166666666667,10.641,0.798
1833.5,12.891,1.289
1833.5833333333333,13.429,0.566
1833.6666666666667,12.992,0.714
1833.75,11.086,0.899
1833.8333333333333,7.961,0.631
1833.9166666666667,6.846,1.002
1834.0,3.361,1.497
1834.0833333333333,0.411,1.783
1834.1666666666667,2.682,1.301
1834.25,5.726,1.05
1834.3333333333333,8.102,0.996
1834.4166666666667,11.285,0.689
1834.5,12.669,0.645
1834.5833333333333,13.737,0.505
1834.6666666666667,13.112,0.899
1834.75,11.337,1.264
1834.8333333333333,8.604,0.82
1834.9166666666667,6.706,0.956
1835.0,3.237,1.555
1835.0833333333333,3.114,1.726
1835.1666666666667,3.018,1.668
1835.25,4.375,1.301
1835.3333333333333,7.77,0.972
1835.4166666666667,10.216,0.922
1835.5,11.895,0.805
1835.5833333333333,12.642,0.951
1835.6666666666667,12.017,0.751
1835.75,9.938,0.631
1835.8333333333333,7.875,0.876
1835.9166666666667,4.254,1.183
1836.0,1.578,1.273
1836.0833333333333,2.048,1.56
1836.1666666666667,2.553,1.252
1836.25,5.277,1.09
1836.3333333333333,7.184,1.298
1836.4166666666667,10.03,0.756
1836.5,12.265,0.664
1836.5833333333333,13.137,0.624
1836.6666666666667,12.149,1.116
1836.75,10.696,0.615
1836.8333333333333,8.869,1.848
1836.9166666666667,4.165,1.575
1837.0,3.251,1.339
1837.0833333333333,2.376,1.739
1837.1666666666667,2.702,1.857
1837.25,3.812,1.498
1837.3333333333333,6.233,1.009
1837.4166666666667,9.581,0.799
1837.5,12.012,1.488
1837.5833333333333,13.082,1.004
1837.6666666666667,12.883,0.669
1837.75,10.754,0.869
1837.8333333333333,7.746,1.161
1837.9166666666667,4.571,2.139
1838.0,2.503,2.571
1838.0833333333333,-0.729,1.778
1838.1666666666667,1.654,1.439
1838.25,3.65,1.569
1838.3333333333333,7.407,1.563
1838.4166666666667,9.902,1.006
1838.5,12.641,0.541
1838.5833333333333,14.024,0.848
1838.6666666666667,13.268,1.055
1838.75,11.059,1.104
1838.8333333333333,8.713,0.98
1838.9166666666667,5.402,1.106
1839.0,2.793,1.513
1839.0833333333333,2.429,1.64
1839.1666666666667,3.625,1.547
1839.25,2.693,1.388
1839.3333333333333,7.94,1.017
1839.4166666666667,10.336,0.824
1839.5,12.643,0.673
1839.5833333333333,14.305,0.975
1839.6666666666667,13.989,0.943
1839.75,10.886,0.965
1839.8333333333333,8.207,1.169
1839.9166666666667,4.089,1.023
1840.0,1.348,1.739
1840.0833333333333,2.944,1.286
1840.1666666666667,2.231,1.338
1840.25,4.053,1.419
1840.3333333333333,7.826,0.745
1840.4166666666667,11.116,0.81
1840.5,13.105,0.583
1840.5833333333333,14.34,0.66
1840.6666666666667,12.876,0.755
1840.75,10.908,0.599
1840.8333333333333,7.522,0.705
1840.9166666666667,4.114,1.511
1841.0,2.044,1.11
1841.0833333333333,0.723,1.287
1841.1666666666667,2.568,1.385
1841.25,3.232,0.995
1841.3333333333333,6.705,1.338
1841.4166666666667,10.58,0.696
1841.5,12.737,0.904
1841.5833333333333,14.225,0.622
1841.6666666666667,13.392,0.721
1841.75,10.726,0.65
1841.8333333333333,8.638,0.669
1841.9166666666667,4.605,0.847
1842.0,2.599,1.184
1842.0833333333333,1.777,1.45
1842.1666666666667,2.692,1.475
1842.25,5.696,0.989
1842.3333333333333,8.169,0.935
1842.4166666666667,10.468,0.863
1842.5,12.393,0.741
1842.5833333333333,13.355,0.59
1842.6666666666667,13.024,0.771
1842.75,10.852,0.599
1842.8333333333333,8.334,0.686
1842.9166666666667,4.862,0.893
1843.0,3.825,0.964
1843.0833333333333,3.232,1.396
1843.1666666666667,4.02,1.442
1843.25,4.774,1.016
1843.3333333333333,7.773,0.904
1843.4166666666667,9.929,0.574
1843.5,12.241,0.536
1843.5833333333333,13.649,0.565
1843.6666666666667,13.054,0.528
1843.75,11.114,0.57
1843.8333333333333,8.684,0.569
1843.9166666666667,4.941,0.742
1844.0,3.959,1.523
1844.0833333333333,2.074,1.253
1844.1666666666667,2.159,1.103
1844.25,4.733,1.192
1844.3333333333333,7.344,0.868
1844.4166666666667,10.027,0.81
1844.5,12.603,0.639
1844.5833333333333,13.638,0.448
1844.6666666666667,12.834,0.812
1844.75,10.809,0.604
1844.8333333333333,8.719,0.818
1844.9166666666667,4.412,1.229
1845.0,1.97,1.069
1845.0833333333333,2.695,1.529
1845.1666666666667,1.592,1.486
1845.25,4.427,1.029
1845.3333333333333,8.057,0.719
1845.4166666666667,10.374,0.634
1845.5,12.657,0.755
1845.5833333333333,14.096,0.627
1845.6666666666667,13.408,0.679
1845.75,11.117,0.532
1845.8333333333333,7.766,1.084
1845.9166666666667,5.232,1.19
1846.0,1.793,1.304
1846.0833333333333,3.442,2.229
1846.1666666666667,3.551,1.576
1846.25,6.363,1.005
1846.3333333333333,7.446,1.392
1846.4166666666667,10.843,0.654
1846.5,13.313,0.898
1846.5833333333333,14.668,0.682
1846.6666666666667,13.933,0.646
1846.75,11.638,0.657
1846.8333333333333,8.226,0.869
1846.9166666666667,5.192,0.976
1847.0,3.71,1.362
1847.0833333333333,2.845,1.651
1847.1666666666667,3.686,1.576
1847.25,3.947,1.521
1847.3333333333333,7.919,1.042
1847.4166666666667,10.522,0.835
1847.5,12.718,0.715
1847.5833333333333,14.035,0.564
1847.6666666666667,13.18,0.558
1847.75,11.442,0.622
1847.8333333333333,8.617,0.651
1847.9166666666667,5.686,0.995
1848.0,1.833,1.035
1848.0833333333333,0.658,1.535
1848.1666666666667,3.943,1.273
1848.25,4.775,1.034
1848.3333333333333,8.013,0.852
1848.4166666666667,10.495,1.112
1848.5,13.033,0.965
1848.5833333333333,14.272,0.691
1848.6666666666667,13.143,0.693
1848.75,10.9,0.653
1848.8333333333333,8.723,0.787
1848.9166666666667,5.364,0.827
1849.0,2.176,0.914
1849.0833333333333,2.015,1.199
1849.1666666666667,2.695,1.129
1849.25,5.322,0.846
1849.3333333333333,6.981,1.113
1849.4166666666667,10.087,0.661
1849.5,12.818,0.911
1849.5833333333333,14.224,0.669
1849.6666666666667,13.38,0.646
1849.75,10.996,0.663
1849.8333333333333,8.882,0.589
1849.9166666666667,5.944,1.006
1850.0,1.993,1.121
1850.0833333333333,0.796,1.261
1850.1666666666667,3.193,1.401
1850.25,4.844,0.963
1850.3333333333333,7.168,0.706
1850.4166666666667,9.953,0.824
1850.5,12.983,0.65
1850.5833333333333,14.379,0.612
1850.6666666666667,13.887,0.66
1850.75,11.37,0.559
1850.8333333333333,8.038,0.706
1850.9166666666667,4.751,1.12
1851.0,2.585,0.914
1851.0833333333333,2.58,1.1
1851.1666666666667,2.599,1.06
1851.25,4.143,0.94
1851.3333333333333,7.236,1.058
1851.4166666666667,10.962,0.797
1851.5,13.162,0.751
1851.5833333333333,14.328,0.52
1851.6666666666667,13.533,0.615
1851.75,11.548,0.558
1851.8333333333333,9.076,0.966
1851.9166666666667,4.962,0.68
1852.0,3.19,0.766
1852.0833333333333,2.38,1.324
1852.1666666666667,2.466,1.22
1852.25,3.674,1.03
1852.3333333333333,7.373,0.862
1852.4166666666667,11.101,0.776
1852.5,12.961,0.587
1852.5833333333333,14.222,0.484
1852.6666666666667,13.021,0.584
1852.75,11.372,0.49
1852.8333333333333,8.928,0.551
1852.9166666666667,4.653,0.862
1853.0,3.863,0.773
1853.0833333333333,2.057,1.211
1853.1666666666667,2.204,1.521
1853.25,4.01,0.86
1853.3333333333333,7.571,1.011
1853.4166666666667,10.882,0.636
1853.5,13.257,0.623
1853.5833333333333,14.575,0.608
1853.6666666666667,13.87,0.559
1853.75,11.494,0.533
1853.8333333333333,8.589,0.598
1853.9166666666667,4.769,0.849
1854.0,3.031,0.837
1854.0833333333333,1.282,1.011
1854.1666666666667,1.931,0.961
1854.25,4.801,0.815
1854.3333333333333,7.601,0.622
1854.4166666666667,10.995,0.738
1854.5,12.655,0.656
1854.5833333333333,14.499,0.579
1854.6666666666667,13.715,0.545
1854.75,11.495,0.57
1854.8333333333333,9.866,0.791
1854.9166666666667,5.856,0.905
1855.0,3.504,1.133
1855.0833333333333,2.692,1.396
1855.1666666666667,3.024,1.267
1855.25,4.696,0.932
1855.3333333333333,8.615,0.909
1855.4166666666667,11.241,0.56
1855.5,12.96,0.481
1855.5833333333333,13.742,0.417
1855.6666666666667,13.426,0.421
1855.75,11.151,0.417
1855.8333333333333,8.546,0.595
1855.9166666666667,5.269,0.586
1856.0,2.144,0.77
1856.0833333333333,2.879,0.95
1856.1666666666667,2.318,1.086
1856.25,4.41,0.884
1856.3333333333333,7.844,0.6
1856.4166666666667,10.651,0.601
1856.5,13.506,0.637
1856.5833333333333,14.252,0.638
1856.6666666666667,12.986,0.543
1856.75,10.862,0.585
1856.8333333333333,8.118,0.586
1856.9166666666667,5.35,0.699
1857.0,3.436,0.913
1857.0833333333333,1.922,1.006
1857.1666666666667,2.364,0.841
1857.25,4.427,0.971
1857.3333333333333,6.805,0.587
1857.4166666666667,9.832,0.539
1857.5,12.564,0.941
1857.5833333333333,13.852,0.648
1857.6666666666667,13.214,0.419
1857.75,11.174,0.485
1857.8333333333333,8.3,0.486
1857.9166666666667,5.368,0.795
1858.0,3.671,0.729
1858.0833333333333,2.667,1.153
1858.1666666666667,2.287,0.796
1858.25,4.877,0.79
1858.3333333333333,8.293,0.747
1858.4166666666667,10.926,0.571
1858.5,13.277,0.435
1858.5833333333333,13.897,0.403
1858.6666666666667,13.314,0.547
1858.75,11.226,0.436
1858.8333333333333,8.881,0.683
1858.9166666666667,6.039,0.803
1859.0,2.598,0.652
1859.0833333333333,2.097,1.016
1859.1666666666667,2.756,0.856
1859.25,4.969,0.696
1859.3333333333333,8.667,0.474
1859.4166666666667,11.564,0.74
1859.5,13.422,0.434
1859.5833333333333,14.032,0.505
1859.6666666666667,13.354,0.445
1859.75,11.177,0.532
1859.8333333333333,9.035,0.657
1859.9166666666667,6.005,0.523
1860.0,3.416,0.888
1860.0833333333333,1.93,1.028
1860.1666666666667,2.592,0.926
1860.25,3.447,1.14
1860.3333333333333,7.878,0.488
1860.4166666666667,11.08,0.562
1860.5,13.358,0.516
1860.5833333333333,14.26,0.529
1860.6666666666667,13.884,0.495
1860.75,11.826,0.471
1860.8333333333333,8.753,0.536
1860.9166666666667,5.042,0.613
1861.0,1.683,1.181
1861.0833333333333,0.563,0.988
1861.1666666666667,2.313,0.954
1861.25,4.496,0.892
1861.3333333333333,7.556,0.759
1861.4166666666667,10.529,0.645
1861.5,13.047,0.475
1861.5833333333333,14.088,0.475
1861.6666666666667,13.822,0.476
1861.75,11.388,0.583
1861.8333333333333,8.382,0.504
1861.9166666666667,5.926,0.633
1862.0,3.006,0.707
1862.0833333333333,0.613,1.008
1862.1666666666667,1.689,0.897
1862.25,4.29,0.667
1862.3333333333333,7.182,0.805
1862.4166666666667,10.896,0.533
1862.5,12.919,0.504
1862.5833333333333,13.981,0.441
1862.6666666666667,13.064,0.398
1862.75,11.079,0.452
1862.8333333333333,8.284,0.539
1862.9166666666667,4.9,0.81
1863.0,1.694,0.844
1863.0833333333333,3.074,1.171
1863.1666666666667,3.084,1.732
1863.25,4.707,0.912
1863.3333333333333,8.105,0.727
1863.4166666666667,11.255,0.417
1863.5,13.11,0.565
1863.5833333333333,13.859,0.42
1863.6666666666667,13.24,0.594
1863.75,11.043,0.619
1863.8333333333333,8.123,0.479
1863.9166666666667,5.522,0.609
1864.0,2.747,1.123
1864.0833333333333,1.562,1.566
1864.1666666666667,2.673,1.135
1864.25,4.673,0.887
1864.3333333333333,7.525,0.675
1864.4166666666667,11.104,0.664
1864.5,13.44,0.441
1864.5833333333333,14.259,0.48
1864.6666666666667,13.436,0.569
1864.75,11.339,0.488
1864.8333333333333,8.721,0.581
1864.9166666666667,5.179,0.757
1865.0,2.247,0.849
1865.0833333333333,3.008,0.876
1865.1666666666667,2.263,0.768
1865.25,4.075,0.866
1865.3333333333333,7.41,0.814
1865.4166666666667,10.944,0.476
1865.5,13.156,0.403
1865.5833333333333,14.274,0.564
1865.6666666666667,13.679,0.413
1865.75,11.806,0.548
1865.8333333333333,9.176,0.459
1865.9166666666667,6.259,0.555
1866.0,2.809,0.885
1866.0833333333333,3.051,0.945
1866.1666666666667,2.3,0.965
1866.25,4.407,0.868
1866.3333333333333,7.844,0.701
1866.4166666666667,10.898,0.55
1866.5,12.869,0.404
1866.5833333333333,14.719,0.399
1866.6666666666667,13.543,0.486
1866.75,11.668,0.486
1866.8333333333333,8.628,0.638
1866.9166666666667,6.076,0.638
1867.0,4.151,0.665
1867.0833333333333,2.507,0.938
1867.1666666666667,2.635,0.925
1867.25,4.513,0.675
1867.3333333333333,8.177,0.683
1867.4166666666667,10.555,0.513
1867.5,13.408,0.503
1867.5833333333333,14.408,0.473
1867.6666666666667,13.731,0.501
1867.75,11.911,0.452
1867.8333333333333,9.304,0.632
1867.9166666666667,7.022,0.947
1868.0,3.758,1.043
1868.0833333333333,1.831,0.89
1868.1666666666667,1.873,0.816
1868.25,4.548,0.854
1868.3333333333333,8.096,0.714
1868.4166666666667,11.2,0.543
1868.5,13.317,0.382
1868.5833333333333,14.625,0.374
1868.6666666666667,13.824,0.426
1868.75,11.513,0.456
1868.8333333333333,9.362,0.707
1868.9166666666667,5.134,0.508
1869.0,3.257,1.071
1869.0833333333333,2.262,1.004
1869.1666666666667,3.515,1.036
1869.25,4.368,0.725
1869.3333333333333,7.958,0.606
1869.4166666666667,11.302,0.434
1869.5,13.559,0.757
1869.5833333333333,14.451,0.414
1869.6666666666667,13.996,0.867
1869.75,12.358,0.56
1869.8333333333333,8.989,0.743
1869.9166666666667,5.809,0.786
1870.0,2.794,0.952
1870.0833333333333,2.008,0.813
1870.1666666666667,2.052,0.956
1870.25,4.525,0.645
1870.3333333333333,7.848,0.593
1870.4166666666667,11.222,0.52
1870.5,13.745,0.539
1870.5833333333333,14.584,0.431
1870.6666666666667,13.514,0.416
1870.75,11.982,0.411
1870.8333333333333,8.801,0.466
1870.9166666666667,5.551,0.753
1871.0,2.195,0.655
1871.0833333333333,1.297,0.741
1871.1666666666667,1.712,0.989
1871.25,4.691,0.687
1871.3333333333333,8.345,0.493
1871.4166666666667,10.798,0.474
1871.5,13.115,0.44
1871.5833333333333,14.293,0.465
1871.6666666666667,13.882,0.481
1871.75,11.561,0.513
1871.8333333333333,9.03,0.503
1871.9166666666667,4.863,0.54
1872.0,2.834,0.63
1872.0833333333333,1.639,0.999
1872.1666666666667,2.367,0.712
1872.25,4.757,0.577
1872.3333333333333,7.747,0.492
1872.4166666666667,11.128,0.487
1872.5,13.069,0.49
1872.5833333333333,14.287,0.405
1872.6666666666667,13.823,0.464
1872.75,11.836,0.398
1872.8333333333333,9.053,0.486
1872.9166666666667,5.163,0.521
1873.0,2.406,0.753
1873.0833333333333,1.875,0.717
1873.1666666666667,3.132,0.726
1873.25,4.743,0.568
1873.3333333333333,7.377,0.508
1873.4166666666667,10.966,0.501
1873.5,13.385,0.446
1873.5833333333333,14.279,0.41
1873.6666666666667,13.761,0.382
1873.75,11.488,0.563
1873.8333333333333,9.117,0.404
1873.9166666666667,5.625,0.666
1874.0,3.535,0.591
1874.0833333333333,2.58,0.703
1874.1666666666667,3.091,0.6
1874.25,4.111,0.512
1874.3333333333333,8.11,0.5
1874.4166666666667,11.476,0.502
1874.5,13.306,0.41
1874.5833333333333,14.113,0.508
1874.6666666666667,13.788,0.545
1874.75,12.11,0.455
1874.8333333333333,9.136,0.417
1874.9166666666667,5.648,0.464
1875.0,3.292,0.619
1875.0833333333333,1.574,0.57
1875.1666666666667,2.455,0.618
1875.25,4.264,0.485
1875.3333333333333,7.535,0.429
1875.4166666666667,10.785,0.408
1875.5,13.205,0.32
1875.5833333333333,14.163,0.384
1875.6666666666667,13.373,0.48
1875.75,11.267,0.426
1875.8333333333333,8.634,0.395
1875.9166666666667,4.685,0.402
1876.0,2.742,0.466
1876.0833333333333,2.011,0.54
1876.1666666666667,2.758,0.666
1876.25,4.832,0.42
1876.3333333333333,8.226,0.45
1876.4166666666667,10.665,0.402
1876.5,13.141,0.363
1876.5833333333333,14.272,0.393
1876.6666666666667,13.451,0.453
1876.75,11.764,0.463
1876.8333333333333,8.97,0.354
1876.9166666666667,5.099,0.498
1877.0,2.129,0.471
1877.0833333333333,2.245,0.652
1877.1666666666667,2.919,0.595
1877.25,5.333,0.409
1877.3333333333333,7.972,0.417
1877.4166666666667,11.115,0.493
1877.5,13.28,0.364
1877.5833333333333,14.632,0.365
1877.6666666666667,14.13,0.449
1877.75,12.112,0.363
1877.8333333333333,9.277,0.357
1877.9166666666667,6.26,0.473
1878.0,2.822,0.572
1878.0833333333333,1.971,0.664
1878.1666666666667,3.852,0.682
1878.25,6.708,0.521
1878.3333333333333,8.925,0.53
1878.4166666666667,11.023,0.496
1878.5,13.793,0.452
1878.5833333333333,14.847,0.477
1878.6666666666667,14.137,0.416
1878.75,12.145,0.434
1878.8333333333333,9.252,0.366
1878.9166666666667,6.424,0.539
1879.0,3.388,0.449
1879.0833333333333,2.38,0.505
1879.1666666666667,2.761,0.586
1879.25,5.015,0.477
1879.3333333333333,7.743,0.435
1879.4166666666667,10.824,0.43
1879.5,13.203,0.459
1879.5833333333333,14.184,0.401
1879.6666666666667,13.269,0.429
1879.75,11.434,0.436
1879.8333333333333,9.303,0.383
1879.9166666666667,5.491,0.401
1880.0,2.53,0.448
1880.0833333333333,1.837,0.539
1880.1666666666667,1.95,0.548
1880.25,4.473,0.547
1880.3333333333333,7.453,0.42
1880.4166666666667,11.022,0.404
1880.5,13.115,0.375
1880.5833333333333,14.069,0.37
1880.6666666666667,13.677,0.449
1880.75,11.374,0.342
1880.8333333333333,8.681,0.45
1880.9166666666667,5.827,0.359
1881.0,3.194,0.399
1881.0833333333333,2.506,0.648
1881.1666666666667,2.655,0.552
1881.25,5.033,0.461
1881.3333333333333,8.345,0.363
1881.4166666666667,11.199,0.465
1881.5,12.685,0.407
1881.5833333333333,14.112,0.452
1881.6666666666667,13.75,0.515
1881.75,11.685,0.353
1881.8333333333333,8.842,0.31
1881.9166666666667,5.331,0.48
1882.0,3.288,0.683
1882.0833333333333,3.133,0.48
1882.1666666666667,3.309,0.431
1882.25,5.029,0.465
1882.3333333333333,7.67,0.379
1882.4166666666667,10.868,0.386
1882.5,12.788,0.375
1882.5833333333333,13.686,0.354
1882.6666666666667,13.646,0.383
1882.75,11.753,0.302
1882.8333333333333,8.475,0.307
1882.9166666666667,5.055,0.459
1883.0,2.233,0.368
1883.0833333333333,1.619,0.447
1883.1666666666667,2.0,0.424
1883.25,5.03,0.32
1883.3333333333333,7.687,0.357
1883.4166666666667,10.829,0.38
1883.5,13.362,0.294
1883.5833333333333,13.979,0.363
1883.6666666666667,13.225,0.453
1883.75,11.385,0.335
1883.8333333333333,9.01,0.31
1883.9166666666667,4.976,0.314
1884.0,3.358,0.35
1884.0833333333333,2.287,0.458
1884.1666666666667,2.692,0.419
1884.25,3.989,0.385
1884.3333333333333,7.206,0.335
1884.4166666666667,10.162,0.371
1884.5,12.574,0.341
1884.5833333333333,13.615,0.36
1884.6666666666667,13.343,0.398
1884.75,11.275,0.341
1884.8333333333333,8.535,0.399
1884.9166666666667,5.201,0.395
1885.0,3.13,0.469
1885.0833333333333,1.23,0.516
1885.1666666666667,2.372,0.478
1885.25,4.748,0.351
1885.3333333333333,7.458,0.4
1885.4166666666667,10.591,0.425
1885.5,12.723,0.393
1885.5833333333333,14.055,0.397
1885.6666666666667,13.322,0.389
1885.75,11.452,0.364
1885.8333333333333,8.806,0.463
1885.9166666666667,5.402,0.404
1886.0,3.767,0.478
1886.0833333333333,1.528,0.525
1886.1666666666667,1.879,0.435
1886.25,4.302,0.462
1886.3333333333333,7.937,0.345
1886.4166666666667,10.756,0.35
1886.5,12.831,0.304
1886.5833333333333,14.24,0.353
1886.6666666666667,13.299,0.414
1886.75,11.587,0.361
1886.8333333333333,8.591,0.401
1886.9166666666667,5.268,0.38
1887.0,3.532,0.383
1887.0833333333333,0.981,0.594
1887.1666666666667,2.202,0.519
1887.25,4.616,0.353
1887.3333333333333,7.821,0.324
1887.4166666666667,10.818,0.362
1887.5,12.84,0.349
1887.5833333333333,14.062,0.348
1887.6666666666667,13.053,0.405
1887.75,11.736,0.323
1887.8333333333333,8.708,0.299
1887.9166666666667,5.634,0.416
1888.0,2.942,0.425
1888.0833333333333,1.981,0.501
1888.1666666666667,2.225,0.43
1888.25,4.445,0.422
1888.3333333333333,7.86,0.399
1888.4166666666667,10.68,0.405
1888.5,12.858,0.338
1888.5833333333333,14.242,0.385
1888.6666666666667,13.544,0.415
1888.75,11.743,0.296
1888.8333333333333,9.183,0.322
1888.9166666666667,5.851,0.331
1889.0,3.399,0.38
1889.0833333333333,1.918,0.373
1889.1666666666667,3.624,0.413
1889.25,5.386,0.315
1889.3333333333333,8.601,0.35
1889.4166666666667,11.196,0.398
1889.5,13.337,0.301
1889.5833333333333,14.242,0.329
1889.6666666666667,13.448,0.383
1889.75,11.566,0.292
1889.8333333333333,8.775,0.259
1889.9166666666667,5.059,0.378
1890.0,3.171,0.383
1890.0833333333333,1.917,0.482
1890.1666666666667,2.545,0.392
1890.25,4.274,0.322
1890.3333333333333,7.807,0.393
1890.4166666666667,10.431,0.387
1890.5,12.831,0.29
1890.5833333333333,13.988,0.373
1890.6666666666667,13.25,0.364
1890.75,11.561,0.322
1890.8333333333333,9.187,0.272
1890.9166666666667,5.005,0.32
1891.0,3.014,0.402
1891.0833333333333,1.747,0.371
1891.1666666666667,1.945,0.357
1891.25,4.844,0.32
1891.3333333333333,7.666,0.297
1891.4166666666667,10.82,0.343
1891.5,12.869,0.337
1891.5833333333333,13.948,0.346
1891.6666666666667,13.475,0.382
1891.75,11.725,0.293
1891.8333333333333,8.704,0.26
1891.9166666666667,5.179,0.314
1892.0,3.728,0.343
1892.0833333333333,2.056,0.355
1892.1666666666667,2.834,0.342
1892.25,4.361,0.325
1892.3333333333333,7.609,0.317
1892.4166666666667,10.699,0.333
1892.5,13.268,0.347
1892.5833333333333,13.907,0.32
1892.6666666666667,13.413,0.358
1892.75,11.672,0.298
1892.8333333333333,9.237,0.272
1892.9166666666667,4.942,0.378
1893.0,2.978,0.425
1893.0833333333333,0.605,0.284
1893.1666666666667,1.735,0.305
1893.25,5.009,0.32
1893.3333333333333,8.014,0.314
1893.4166666666667,10.764,0.348
1893.5,13.098,0.305
1893.5833333333333,14.331,0.332
1893.6666666666667,13.472,0.356
1893.75,11.766,0.289
1893.8333333333333,9.125,0.217
1893.9166666666667,5.866,0.231
1894.0,3.158,0.321
1894.0833333333333,1.771,0.422
1894.1666666666667,2.895,0.312
1894.25,5.105,0.297
1894.3333333333333,7.689,0.326
1894.4166666666667,10.993,0.359
1894.5,12.882,0.346
1894.5833333333333,14.099,0.368
1894.6666666666667,13.553,0.348
1894.75,11.617,0.312
1894.8333333333333,9.151,0.278
1894.9166666666667,5.51,0.298
1895.0,3.231,0.359
1895.0833333333333,1.382,0.466
1895.1666666666667,2.139,0.314
1895.25,4.675,0.28
1895.3333333333333,8.218,0.286
1895.4166666666667,10.948,0.316
1895.5,13.101,0.281
1895.5833333333333,14.16,0.354
1895.6666666666667,13.56,0.377
1895.75,11.798,0.319
1895.8333333333333,9.119,0.248
1895.9166666666667,5.864,0.255
1896.0,3.512,0.327
1896.0833333333333,2.407,0.411
1896.1666666666667,2.813,0.335
1896.25,4.31,0.295
1896.3333333333333,7.365,0.359
1896.4166666666667,10.91,0.314
1896.5,13.353,0.299
1896.5833333333333,14.277,0.34
1896.6666666666667,13.667,0.345
1896.75,11.837,0.262
1896.8333333333333,9.474,0.274
1896.9166666666667,5.372,0.343
1897.0,3.361,0.301
1897.0833333333333,2.01,0.437
1897.1666666666667,2.522,0.292
1897.25,4.359,0.25
1897.3333333333333,8.302,0.327
1897.4166666666667,11.423,0.329
1897.5,13.297,0.273
1897.5833333333333,14.258,0.4
1897.6666666666667,13.662,0.354
1897.75,11.931,0.382
1897.8333333333333,9.275,0.342
1897.9166666666667,5.751,0.451
1898.0,3.309,0.328
1898.0833333333333,2.862,0.402
1898.1666666666667,2.447,0.3
1898.25,3.791,0.405
1898.3333333333333,7.877,0.415
1898.4166666666667,10.845,0.328
1898.5,13.398,0.287
1898.5833333333333,14.066,0.34
1898.6666666666667,13.549,0.38
1898.75,11.73,0.27
1898.8333333333333,8.795,0.248
1898.9166666666667,5.503,0.308
1899.0,3.515,0.335
1899.0833333333333,2.663,0.331
1899.1666666666667,2.469,0.341
1899.25,4.673,0.29
1899.3333333333333,8.365,0.328
1899.4166666666667,11.118,0.307
1899.5,12.998,0.265
1899.5833333333333,14.204,0.339
1899.6666666666667,13.755,0.349
1899.75,12.128,0.266
1899.8333333333333,9.368,0.237
1899.9166666666667,6.599,0.323
1900.0,3.089,0.304
1900.0833333333333,1.636,0.368
1900.1666666666667,3.207,0.403
1900.25,5.491,0.281
1900.3333333333333,8.241,0.327
1900.4166666666667,11.489,0.337
1900.5,13.397,0.322
1900.5833333333333,14.212,0.336
1900.6666666666667,13.808,0.341
1900.75,11.972,0.256
1900.8333333333333,9.703,0.221
1900.9166666666667,5.836,0.247
1901.0,3.762,0.301
1901.0833333333333,2.239,0.289
1901.1666666666667,3.199,0.301
1901.25,5.638,0.319
1901.3333333333333,8.575,0.32
1901.4166666666667,11.204,0.337
1901.5,13.421,0.307
1901.5833333333333,14.336,0.331
1901.6666666666667,13.837,0.353
1901.75,11.948,0.292
1901.8333333333333,9.008,0.236
1901.9166666666667,5.989,0.237
1902.0,3.449,0.271
1902.0833333333333,2.708,0.366
1902.1666666666667,3.649,0.282
1902.25,4.896,0.347
1902.3333333333333,7.991,0.31
1902.4166666666667,10.916,0.356
1902.5,13.252,0.287
1902.5833333333333,14.212,0.324
1902.6666666666667,13.556,0.358
1902.75,11.737,0.304
1902.8333333333333,8.783,0.289
1902.9166666666667,5.273,0.302
1903.0,2.787,0.258
1903.0833333333333,2.561,0.303
1903.1666666666667,3.538,0.318
1903.25,4.986,0.298
1903.3333333333333,7.887,0.288
1903.4166666666667,10.813,0.318
1903.5,12.878,0.275
1903.5833333333333,13.978,0.327
1903.6666666666667,13.404,0.353
1903.75,11.434,0.284
1903.8333333333333,8.806,0.226
1903.9166666666667,5.585,0.202
1904.0,2.976,0.227
1904.0833333333333,1.787,0.245
1904.1666666666667,2.384,0.249
1904.25,4.561,0.225
1904.3333333333333,7.717,0.259
1904.4166666666667,10.868,0.324
1904.5,12.986,0.256
1904.5833333333333,13.79,0.324
1904.6666666666667,13.438,0.332
1904.75,11.335,0.264
1904.8333333333333,8.747,0.219
1904.9166666666667,6.217,0.253
1905.0,3.408,0.28
1905.0833333333333,2.372,0.236
1905.1666666666667,2.024,0.258
1905.25,4.745,0.287
1905.3333333333333,7.804,0.305
1905.4166666666667,11.024,0.305
1905.5,13.154,0.28
1905.5833333333333,14.089,0.341
1905.6666666666667,13.58,0.355
1905.75,11.721,0.289
1905.8333333333333,8.972,0.295
1905.9166666666667,6.165,0.229
1906.0,3.437,0.249
1906.0833333333333,2.133,0.197
1906.1666666666667,2.431,0.227
1906.25,4.953,0.286
1906.3333333333333,8.658,0.304
1906.4166666666667,11.256,0.287
1906.5,13.348,0.26
1906.5833333333333,14.115,0.312
1906.6666666666667,13.677,0.343
1906.75,11.723,0.255
1906.8333333333333,9.233,0.212
1906.9166666666667,5.541,0.262
1907.0,3.796,0.274
1907.0833333333333,1.886,0.215
1907.1666666666667,2.235,0.236
1907.25,4.664,0.216
1907.3333333333333,7.669,0.312
1907.4166666666667,10.403,0.294
1907.5,12.727,0.263
1907.5833333333333,13.762,0.323
1907.6666666666667,13.361,0.333
1907.75,11.64,0.247
1907.8333333333333,9.218,0.227
1907.9166666666667,5.26,0.291
1908.0,3.06,0.274
1908.0833333333333,2.331,0.285
1908.1666666666667,2.925,0.283
1908.25,4.242,0.312
1908.3333333333333,7.884,0.312
1908.4166666666667,11.163,0.303
1908.5,13.279,0.287
1908.5833333333333,14.167,0.37
1908.6666666666667,13.376,0.339
1908.75,11.927,0.271
1908.8333333333333,8.839,0.23
1908.9166666666667,5.258,0.236
1909.0,3.098,0.261
1909.0833333333333,1.405,0.247
1909.1666666666667,2.741,0.288
1909.25,4.66,0.22
1909.3333333333333,7.626,0.318
1909.4166666666667,10.654,0.31
1909.5,12.968,0.264
1909.5833333333333,14.05,0.325
1909.6666666666667,13.743,0.329
1909.75,11.866,0.267
1909.8333333333333,9.142,0.202
1909.9166666666667,6.239,0.224
1910.0,3.277,0.313
1910.0833333333333,2.446,0.209
1910.1666666666667,2.86,0.272
1910.25,4.695,0.277
1910.3333333333333,8.155,0.272
1910.4166666666667,11.011,0.296
1910.5,13.109,0.258
1910.5833333333333,14.236,0.343
1910.6666666666667,13.677,0.35
1910.75,11.704,0.266
1910.8333333333333,8.962,0.235
1910.9166666666667,5.318,0.245
1911.0,2.712,0.319
1911.0833333333333,1.679,0.228
1911.1666666666667,2.494,0.305
1911.25,4.439,0.243
1911.3333333333333,8.043,0.261
1911.4166666666667,10.826,0.299
1911.5,13.026,0.267
1911.5833333333333,14.034,0.328
1911.6666666666667,13.449,0.345
1911.75,11.583,0.253
1911.8333333333333,9.222,0.21
1911.9166666666667,5.949,0.236
1912.0,3.458,0.272
1912.0833333333333,2.424,0.268
1912.1666666666667,3.302,0.27
1912.25,4.376,0.235
1912.3333333333333,8.273,0.286
1912.4166666666667,11.268,0.303
1912.5,13.463,0.263
1912.5833333333333,13.708,0.349
1912.6666666666667,13.08,0.346
1912.75,11.175,0.267
1912.8333333333333,8.314,0.194
1912.9166666666667,5.55,0.192
1913.0,3.089,0.225
1913.0833333333333,2.106,0.224
1913.1666666666667,2.414,0.237
1913.25,4.574,0.219
1913.3333333333333,8.038,0.254
1913.4166666666667,10.742,0.299
1913.5,12.987,0.253
1913.5833333333333,14.128,0.325
1913.6666666666667,13.699,0.345
1913.75,11.718,0.27
1913.8333333333333,9.032,0.202
1913.9166666666667,6.055,0.206
1914.0,4.153,0.221
1914.0833333333333,3.421,0.241
1914.1666666666667,3.295,0.261
1914.25,5.007,0.235
1914.3333333333333,8.101,0.245
1914.4166666666667,11.32,0.296
1914.5,13.492,0.265
1914.5833333333333,14.277,0.326
1914.6666666666667,13.705,0.351
1914.75,11.882,0.254
1914.8333333333333,9.393,0.185
1914.9166666666667,5.797,0.226
1915.0,3.658,0.238
1915.0833333333333,2.324,0.22
1915.1666666666667,3.325,0.28
1915.25,5.177,0.238
1915.3333333333333,8.711,0.267
1915.4166666666667,11.469,0.306
1915.5,13.276,0.272
1915.5833333333333,14.365,0.362
1915.6666666666667,13.709,0.337
1915.75,11.786,0.292
1915.8333333333333,8.945,0.21
1915.9166666666667,6.205,0.227
1916.0,3.612,0.205
1916.0833333333333,2.615,0.264
1916.1666666666667,3.048,0.271
1916.25,4.888,0.224
1916.3333333333333,8.075,0.252
1916.4166666666667,10.96,0.298
1916.5,12.883,0.265
1916.5833333333333,13.993,0.339
1916.6666666666667,13.535,0.364
1916.75,11.66,0.258
1916.8333333333333,8.996,0.204
1916.9166666666667,5.593,0.205
1917.0,2.364,0.25
1917.0833333333333,2.167,0.286
1917.1666666666667,2.352,0.334
1917.25,4.47,0.256
1917.3333333333333,7.822,0.27
1917.4166666666667,10.404,0.297
1917.5,12.842,0.245
1917.5833333333333,14.174,0.356
1917.6666666666667,13.426,0.362
1917.75,11.667,0.299
1917.8333333333333,8.517,0.211
1917.9166666666667,5.823,0.256
1918.0,2.302,0.214
1918.0833333333333,1.957,0.264
1918.1666666666667,2.53,0.261
1918.25,4.85,0.218
1918.3333333333333,7.638,0.261
1918.4166666666667,10.476,0.296
1918.5,12.903,0.265
1918.5833333333333,13.938,0.341
1918.6666666666667,13.357,0.331
1918.75,11.819,0.244
1918.8333333333333,9.375,0.202
1918.9166666666667,5.694,0.218
1919.0,2.844,0.214
1919.0833333333333,2.204,0.211
1919.1666666666667,2.874,0.261
1919.25,4.748,0.253
1919.3333333333333,8.456,0.255
1919.4166666666667,10.938,0.285
1919.5,13.186,0.28
1919.5833333333333,14.227,0.362
1919.6666666666667,13.721,0.353
1919.75,11.899,0.254
1919.8333333333333,9.301,0.201
1919.9166666666667,5.483,0.219
1920.0,3.236,0.249
1920.0833333333333,2.867,0.211
1920.1666666666667,2.752,0.227
1920.25,5.248,0.196
1920.3333333333333,8.285,0.307
1920.4166666666667,11.088,0.299
1920.5,13.049,0.263
1920.5833333333333,14.186,0.354
1920.6666666666667,13.6,0.331
1920.75,11.707,0.271
1920.8333333333333,8.966,0.206
1920.9166666666667,5.525,0.259
1921.0,2.635,0.254
1921.0833333333333,2.992,0.257
1921.1666666666667,3.169,0.259
1921.25,5.053,0.233
1921.3333333333333,8.287,0.276
1921.4166666666667,11.169,0.294
1921.5,13.4,0.265
1921.5833333333333,14.361,0.343
1921.6666666666667,13.457,0.349
1921.75,11.804,0.271
1921.8333333333333,9.225,0.219
1921.9166666666667,5.846,0.21
1922.0,3.676,0.229
1922.0833333333333,2.154,0.226
1922.1666666666667,2.402,0.264
1922.25,5.172,0.218
1922.3333333333333,8.383,0.261
1922.4166666666667,11.045,0.315
1922.5,13.272,0.284
1922.5833333333333,14.189,0.343
1922.6666666666667,13.479,0.361
1922.75,11.666,0.269
1922.8333333333333,8.997,0.217
1922.9166666666667,6.029,0.253
1923.0,3.677,0.224
1923.0833333333333,2.544,0.241
1923.1666666666667,2.585,0.243
1923.25,4.88,0.202
1923.3333333333333,7.748,0.248
1923.4166666666667,10.825,0.319
1923.5,13.195,0.264
1923.5833333333333,13.886,0.327
1923.6666666666667,13.504,0.343
1923.75,11.781,0.259
1923.8333333333333,9.429,0.193
1923.9166666666667,6.342,0.195
1924.0,3.9,0.237
1924.0833333333333,2.33,0.236
1924.1666666666667,2.921,0.264
1924.25,5.354,0.237
1924.3333333333333,7.935,0.271
1924.4166666666667,11.118,0.287
1924.5,13.241,0.279
1924.5833333333333,14.21,0.332
1924.6666666666667,13.549,0.343
1924.75,11.845,0.263
1924.8333333333333,9.123,0.213
1924.9166666666667,6.361,0.227
1925.0,3.468,0.25
1925.0833333333333,2.289,0.262
1925.1666666666667,2.689,0.225
1925.25,5.062,0.243
1925.3333333333333,8.377,0.253
1925.4166666666667,10.971,0.287
1925.5,12.988,0.25
1925.5833333333333,13.962,0.325
1925.6666666666667,13.684,0.336
1925.75,11.88,0.256
1925.8333333333333,9.109,0.186
1925.9166666666667,6.317,0.204
1926.0,4.358,0.237
1926.0833333333333,3.463,0.235
1926.1666666666667,3.71,0.232
1926.25,5.791,0.189
1926.3333333333333,8.165,0.265
1926.4166666666667,10.85,0.296
1926.5,13.157,0.247
1926.5833333333333,14.063,0.317
1926.6666666666667,13.766,0.33
1926.75,11.992,0.244
1926.8333333333333,9.47,0.197
1926.9166666666667,6.24,0.192
1927.0,3.308,0.215
1927.0833333333333,2.304,0.234
1927.1666666666667,2.981,0.196
1927.25,4.629,0.218
1927.3333333333333,8.007,0.267
1927.4166666666667,11.077,0.287
1927.5,13.161,0.26
1927.5833333333333,14.199,0.337
1927.6666666666667,13.61,0.345
1927.75,12.146,0.249
1927.8333333333333,9.81,0.194
1927.9166666666667,6.269,0.219
1928.0,3.189,0.204
1928.0833333333333,2.969,0.187
1928.1666666666667,3.344,0.226
1928.25,4.924,0.213
1928.3333333333333,8.178,0.271
1928.4166666666667,11.074,0.283
1928.5,12.988,0.246
1928.5833333333333,14.189,0.319
1928.6666666666667,13.616,0.332
1928.75,11.924,0.261
1928.8333333333333,9.376,0.193
1928.9166666666667,6.268,0.199
1929.0,3.822,0.229
1929.0833333333333,1.988,0.237
1929.1666666666667,2.123,0.226
1929.25,5.062,0.197
1929.3333333333333,7.999,0.254
1929.4166666666667,10.804,0.294
1929.5,12.803,0.237
1929.5833333333333,13.825,0.319
1929.6666666666667,13.55,0.33
1929.75,11.689,0.252
1929.8333333333333,9.34,0.191
1929.9166666666667,6.07,0.201
1930.0,2.475,0.22
1930.0833333333333,2.299,0.23
1930.1666666666667,3.078,0.223
1930.25,5.472,0.2
1930.3333333333333,8.055,0.252
1930.4166666666667,10.945,0.291
1930.5,13.198,0.256
1930.5833333333333,14.332,0.325
1930.6666666666667,13.811,0.334
1930.75,11.755,0.25
1930.8333333333333,9.15,0.196
1930.9166666666667,6.486,0.213
1931.0,3.726,0.209
1931.0833333333333,2.64,0.215
1931.1666666666667,2.675,0.215
1931.25,5.202,0.216
1931.3333333333333,8.061,0.266
1931.4166666666667,10.88,0.297
1931.5,13.446,0.247
1931.5833333333333,14.472,0.316
1931.6666666666667,14.01,0.33
1931.75,12.187,0.246
1931.8333333333333,9.838,0.184
1931.9166666666667,6.164,0.21
1932.0,3.934,0.218
1932.0833333333333,3.541,0.248
1932.1666666666667,2.929,0.226
1932.25,4.881,0.2
1932.3333333333333,8.668,0.255
1932.4166666666667,11.123,0.286
1932.5,13.253,0.258
1932.5833333333333,14.275,0.312
1932.6666666666667,13.643,0.335
1932.75,12.212,0.252
1932.8333333333333,9.583,0.187
1932.9166666666667,5.8,0.187
1933.0,3.432,0.199
1933.0833333333333,2.096,0.232
1933.1666666666667,2.598,0.197
1933.25,4.794,0.226
1933.3333333333333,8.016,0.251
1933.4166666666667,10.937,0.293
1933.5,13.004,0.249
1933.5833333333333,14.151,0.308
1933.6666666666667,13.679,0.335
1933.75,11.761,0.254
1933.8333333333333,9.145,0.191
1933.9166666666667,5.798,0.207
1934.0,3.06,0.199
1934.0833333333333,2.381,0.202
1934.1666666666667,3.631,0.216
1934.25,4.714,0.245
1934.3333333333333,7.907,0.246
1934.4166666666667,11.391,0.282
1934.5,13.293,0.251
1934.5833333333333,14.251,0.325
1934.6666666666667,13.672,0.339
1934.75,11.659,0.252
1934.8333333333333,9.328,0.198
1934.9166666666667,6.288,0.197
1935.0,3.877,0.22
1935.0833333333333,2.096,0.195
1935.1666666666667,4.051,0.231
1935.25,5.322,0.207
1935.3333333333333,7.658,0.248
1935.4166666666667,10.783,0.288
1935.5,13.176,0.246
1935.5833333333333,14.211,0.315
1935.6666666666667,13.673,0.329
1935.75,11.897,0.256
1935.8333333333333,9.391,0.202
1935.9166666666667,5.365,0.198
1936.0,3.328,0.236
1936.0833333333333,2.15,0.189
1936.1666666666667,2.441,0.214
1936.25,4.946,0.2
1936.3333333333333,8.022,0.246
1936.4166666666667,11.137,0.278
1936.5,13.24,0.247
1936.5833333333333,14.516,0.32
1936.6666666666667,13.751,0.332
1936.75,11.911,0.249
1936.8333333333333,9.368,0.205
1936.9166666666667,6.13,0.197
1937.0,3.826,0.212
1937.0833333333333,2.365,0.209
1937.1666666666667,3.483,0.198
1937.25,4.793,0.183
1937.3333333333333,8.041,0.252
1937.4166666666667,11.303,0.286
1937.5,13.482,0.251
1937.5833333333333,14.268,0.315
1937.6666666666667,13.903,0.332
1937.75,12.29,0.245
1937.8333333333333,9.618,0.194
1937.9166666666667,6.259,0.212
1938.0,3.382,0.204
1938.0833333333333,2.813,0.216
1938.1666666666667,3.359,0.224
1938.25,5.598,0.208
1938.3333333333333,8.819,0.262
1938.4166666666667,11.379,0.283
1938.5,13.202,0.246
1938.5833333333333,14.36,0.326
1938.6666666666667,13.869,0.327
1938.75,12.328,0.25
1938.8333333333333,9.692,0.191
1938.9166666666667,6.462,0.189
1939.0,3.435,0.189
1939.0833333333333,2.868,0.19
1939.1666666666667,3.204,0.196
1939.25,4.879,0.186
1939.3333333333333,8.246,0.25
1939.4166666666667,11.436,0.288
1939.5,13.443,0.244
1939.5833333333333,14.316,0.312
1939.6666666666667,13.849,0.335
1939.75,11.87,0.244
1939.8333333333333,9.148,0.184
1939.9166666666667,6.1,0.188
1940.0,4.871,0.212
1940.0833333333333,2.259,0.188
1940.1666666666667,3.343,0.202
1940.25,5.327,0.191
1940.3333333333333,8.632,0.246
1940.4166666666667,11.227,0.28
1940.5,13.476,0.243
1940.5833333333333,14.513,0.31
1940.6666666666667,13.769,0.324
1940.75,12.203,0.247
1940.8333333333333,9.388,0.196
1940.9166666666667,6.008,0.212
1941.0,4.047,0.191
1941.0833333333333,2.667,0.181
1941.1666666666667,3.568,0.189
1941.25,5.132,0.178
1941.3333333333333,8.45,0.245
1941.4166666666667,11.383,0.284
1941.5,13.513,0.24
1941.5833333333333,14.585,0.316
1941.6666666666667,13.941,0.326
1941.75,11.728,0.25
1941.8333333333333,9.614,0.193
1941.9166666666667,5.867,0.203
1942.0,3.6,0.217
1942.0833333333333,3.024,0.189
1942.1666666666667,2.803,0.206
1942.25,5.216,0.176
1942.3333333333333,8.333,0.248
1942.4166666666667,11.225,0.282
1942.5,13.455,0.242
1942.5833333333333,14.13,0.313
1942.6666666666667,13.694,0.323
1942.75,12.055,0.249
1942.8333333333333,9.544,0.196
1942.9166666666667,6.315,0.181
1943.0,3.844,0.191
1943.0833333333333,2.309,0.195
1943.1666666666667,3.472,0.19
1943.25,5.053,0.185
1943.3333333333333,8.564,0.25
1943.4166666666667,11.381,0.28
1943.5,13.044,0.25
1943.5833333333333,14.364,0.323
1943.6666666666667,13.698,0.322
1943.75,12.002,0.242
1943.8333333333333,9.821,0.176
1943.9166666666667,6.174,0.179
1944.0,4.165,0.199
1944.0833333333333,3.454,0.213
1944.1666666666667,3.506,0.195
1944.25,5.449,0.172
1944.3333333333333,8.338,0.24
1944.4166666666667,11.26,0.27
1944.5,13.363,0.237
1944.5833333333333,14.372,0.313
1944.6666666666667,13.959,0.316
1944.75,12.357,0.234
1944.8333333333333,9.716,0.175
1944.9166666666667,6.013,0.182
1945.0,3.379,0.194
1945.0833333333333,2.457,0.202
1945.1666666666667,2.594,0.194
1945.25,5.121,0.174
1945.3333333333333,8.581,0.24
1945.4166666666667,10.988,0.278
1945.5,13.219,0.239
1945.5833333333333,14.117,0.31
1945.6666666666667,14.215,0.32
1945.75,12.122,0.241
1945.8333333333333,9.496,0.196
1945.9166666666667,5.997,0.177
1946.0,3.082,0.187
1946.0833333333333,2.921,0.178
1946.1666666666667,3.398,0.184
1946.25,5.152,0.181
1946.3333333333333,8.741,0.231
1946.4166666666667,11.27,0.273
1946.5,13.195,0.234
1946.5833333333333,14.307,0.302
1946.6666666666667,13.738,0.317
1946.75,11.98,0.234
1946.8333333333333,9.208,0.182
1946.9166666666667,6.177,0.175
1947.0,3.108,0.178
1947.0833333333333,2.552,0.174
1947.1666666666667,3.231,0.182
1947.25,5.713,0.169
1947.3333333333333,8.598,0.232
1947.4166666666667,11.243,0.271
1947.5,13.336,0.233
1947.5833333333333,14.264,0.3
1947.6666666666667,13.759,0.311
1947.75,12.091,0.231
1947.8333333333333,9.937,0.179
1947.9166666666667,6.36,0.176
1948.0,3.59,0.182
1948.0833333333333,3.3,0.167
1948.1666666666667,3.153,0.171
1948.25,4.851,0.171
1948.3333333333333,8.405,0.225
1948.4166666666667,11.433,0.261
1948.5,13.554,0.219
1948.5833333333333,14.336,0.287
1948.6666666666667,13.801,0.298
1948.75,12.061,0.223
1948.8333333333333,9.503,0.165
1948.9166666666667,6.135,0.168
1949.0,3.439,0.168
1949.0833333333333,3.167,0.162
1949.1666666666667,2.697,0.182
1949.25,4.974,0.163
1949.3333333333333,8.257,0.225
1949.4166666666667,11.221,0.262
1949.5,13.112,0.221
1949.5833333333333,14.112,0.286
1949.6666666666667,13.74,0.299
1949.75,11.858,0.221
1949.8333333333333,9.456,0.187
1949.9166666666667,6.078,0.176
1950.0,3.4,0.183
1950.0833333333333,1.953,0.169
1950.1666666666667,2.671,0.161
1950.25,5.168,0.146
1950.3333333333333,8.037,0.196
1950.4166666666667,11.2,0.223
1950.5,13.28,0.212
1950.5833333333333,14.063,0.256
1950.6666666666667,13.388,0.234
1950.75,11.888,0.195
1950.8333333333333,9.091,0.17
1950.9166666666667,5.354,0.139
1951.0,3.497,0.165
1951.0833333333333,2.096,0.147
1951.1666666666667,2.297,0.175
1951.25,5.018,0.159
1951.3333333333333,8.299,0.176
1951.4166666666667,11.388,0.205
1951.5,13.152,0.253
1951.5833333333333,14.208,0.223
1951.6666666666667,13.957,0.255
1951.75,12.245,0.209
1951.8333333333333,9.614,0.143
1951.9166666666667,6.175,0.177
1952.0,4.261,0.151
1952.0833333333333,2.989,0.159
1952.1666666666667,3.331,0.178
1952.25,4.89,0.17
1952.3333333333333,8.407,0.235
1952.4166666666667,11.261,0.266
1952.5,13.378,0.232
1952.5833333333333,14.481,0.295
1952.6666666666667,13.916,0.307
1952.75,12.191,0.232
1952.8333333333333,9.088,0.172
1952.9166666666667,5.387,0.174
1953.0,3.619,0.192
1953.0833333333333,2.904,0.173
1953.1666666666667,3.571,0.185
1953.25,5.65,0.174
1953.3333333333333,8.812,0.242
1953.4166666666667,11.417,0.27
1953.5,13.533,0.23
1953.5833333333333,14.308,0.299
1953.6666666666667,13.999,0.308
1953.75,12.139,0.229
1953.8333333333333,9.524,0.171
1953.9166666666667,5.876,0.177
1954.0,3.945,0.185
1954.0833333333333,1.99,0.184
1954.1666666666667,3.021,0.19
1954.25,5.05,0.176
1954.3333333333333,8.102,0.206
1954.4166666666667,10.928,0.218
1954.5,13.316,0.218
1954.5833333333333,14.157,0.243
1954.6666666666667,13.793,0.264
1954.75,12.039,0.21
1954.8333333333333,9.504,0.153
1954.9166666666667,6.555,0.144
1955.0,3.523,0.16
1955.0833333333333,3.353,0.158
1955.1666666666667,3.108,0.149
1955.25,4.524,0.11
1955.3333333333333,8.05,0.144
1955.4166666666667,11.105,0.179
1955.5,13.468,0.148
1955.5833333333333,14.177,0.184
1955.6666666666667,14.232,0.22
1955.75,11.877,0.15
1955.8333333333333,9.664,0.109
1955.9166666666667,5.935,0.129
1956.0,3.261,0.115
1956.0833333333333,2.432,0.108
1956.1666666666667,2.74,0.143
1956.25,4.836,0.06
1956.3333333333333,7.85,0.08
1956.4166666666667,10.621,0.153
1956.5,13.108,0.147
1956.5833333333333,14.099,0.111
1956.6666666666667,13.129,0.192
1956.75,11.706,0.075
1956.8333333333333,8.866,0.08
1956.9166666666667,5.699,0.084
1957.0,3.526,0.093
1957.0833333333333,2.396,0.078
1957.1666666666667,3.041,0.09
1957.25,4.941,0.046
1957.3333333333333,8.186,0.083
1957.4166666666667,11.135,0.123
1957.5,13.585,0.08
1957.5833333333333,14.012,0.218
1957.6666666666667,13.888,0.066
1957.75,12.137,0.23
1957.8333333333333,9.331,0.139
1957.9166666666667,6.318,0.204
1958.0,4.26,0.095
1958.0833333333333,3.493,0.093
1958.1666666666667,3.61,0.106
1958.25,5.38,0.064
1958.3333333333333,8.45,0.094
1958.4166666666667,11.438,0.095
1958.5,13.068,0.122
1958.5833333333333,14.318,0.167
1958.6666666666667,13.503,0.087
1958.75,11.763,0.078
1958.8333333333333,9.303,0.078
1958.9166666666667,6.218,0.048
1959.0,3.767,0.109
1959.0833333333333,2.921,0.061
1959.1666666666667,3.296,0.068
1959.25,5.823,0.144
1959.3333333333333,8.772,0.105
1959.4166666666667,11.285,0.077
1959.5,13.506,0.108
1959.5833333333333,14.383,0.138
1959.6666666666667,13.823,0.109
1959.75,11.884,0.07
1959.8333333333333,9.11,0.091
1959.9166666666667,5.711,0.066
1960.0,3.722,0.056
1960.0833333333333,2.66,0.058
1960.1666666666667,3.753,0.096
1960.25,4.221,0.04
1960.3333333333333,8.02,0.113
1960.4166666666667,10.798,0.159
1960.5,13.346,0.182
1960.5833333333333,14.113,0.049
1960.6666666666667,13.769,0.13
1960.75,12.034,0.073
1960.8333333333333,9.412,0.074
1960.9166666666667,5.776,0.088
1961.0,4.209,0.046
1961.0833333333333,2.884,0.088
1961.1666666666667,3.644,0.075
1961.25,5.49,0.092
1961.3333333333333,8.562,0.126
1961.4166666666667,11.539,0.184
1961.5,13.597,0.065
1961.5833333333333,14.229,0.053
1961.6666666666667,13.808,0.14
1961.75,12.163,0.05
1961.8333333333333,9.253,0.075
1961.9166666666667,6.151,0.081
1962.0,3.427,0.069
1962.0833333333333,2.936,0.106
1962.1666666666667,3.609,0.076
1962.25,5.48,0.085
1962.3333333333333,8.471,0.107
1962.4166666666667,11.049,0.107
1962.5,13.352,0.164
1962.5833333333333,14.131,0.094
1962.6666666666667,13.642,0.061
1962.75,11.922,0.19
1962.8333333333333,9.374,0.15
1962.9166666666667,6.203,0.058
1963.0,3.838,0.111
1963.0833333333333,2.845,0.117
1963.1666666666667,3.982,0.067
1963.25,5.051,0.074
1963.3333333333333,8.108,0.135
1963.4166666666667,10.975,0.07
1963.5,13.307,0.1
1963.5833333333333,14.434,0.093
1963.6666666666667,14.269,0.054
1963.75,12.504,0.13
1963.8333333333333,9.858,0.061
1963.9166666666667,6.464,0.074
1964.0,3.689,0.07
1964.0833333333333,2.755,0.089
1964.1666666666667,2.992,0.053
1964.25,4.776,0.084
1964.3333333333333,7.804,0.08
1964.4166666666667,10.841,0.112
1964.5,13.403,0.087
1964.5833333333333,14.242,0.112
1964.6666666666667,13.597,0.146
1964.75,11.52,0.045
1964.8333333333333,8.726,0.067
1964.9166666666667,5.906,0.067
1965.0,3.364,0.083
1965.0833333333333,2.792,0.086
1965.1666666666667,2.976,0.052
1965.25,5.123,0.079
1965.3333333333333,7.913,0.091
1965.4166666666667,11.131,0.131
1965.5,13.226,0.182
1965.5833333333333,13.997,0.122
1965.6666666666667,13.763,0.049
1965.75,11.647,0.1
1965.8333333333333,9.445,0.092
1965.9166666666667,5.813,0.092
1966.0,3.718,0.057
1966.0833333333333,2.428,0.068
1966.1666666666667,3.244,0.059
1966.25,5.503,0.121
1966.3333333333333,8.106,0.074
1966.4166666666667,11.152,0.104
1966.5,13.452,0.102
1966.5833333333333,14.539,0.131
1966.6666666666667,13.711,0.103
1966.75,12.094,0.134
1966.8333333333333,9.057,0.099
1966.9166666666667,5.933,0.072
1967.0,3.336,0.074
1967.0833333333333,2.671,0.067
1967.1666666666667,2.893,0.057
1967.25,5.394,0.07
1967.3333333333333,8.365,0.05
1967.4166666666667,11.58,0.173
1967.5,13.11,0.108
1967.5833333333333,14.304,0.138
1967.6666666666667,13.683,0.105
1967.75,12.029,0.08
1967.8333333333333,9.749,0.067
1967.9166666666667,6.135,0.074
1968.0,3.871,0.084
1968.0833333333333,2.297,0.08
1968.1666666666667,3.189,0.045
1968.25,6.106,0.061
1968.3333333333333,8.4,0.049
1968.4166666666667,10.943,0.094
1968.5,13.165,0.167
1968.5833333333333,13.886,0.097
1968.6666666666667,13.453,0.077
1968.75,11.523,0.145
1968.8333333333333,9.403,0.098
1968.9166666666667,5.857,0.036
1969.0,3.196,0.054
1969.0833333333333,1.911,0.091
1969.1666666666667,2.387,0.09
1969.25,5.013,0.129
1969.3333333333333,8.52,0.07
1969.4166666666667,11.318,0.082
1969.5,13.405,0.101
1969.5833333333333,14.156,0.125
1969.6666666666667,13.793,0.086
1969.75,11.971,0.129
1969.8333333333333,9.431,0.061
1969.9166666666667,6.375,0.035
1970.0,4.153,0.085
1970.0833333333333,2.778,0.107
1970.1666666666667,3.726,0.079
1970.25,5.26,0.134
1970.3333333333333,8.538,0.116
1970.4166666666667,11.162,0.083
1970.5,13.443,0.134
1970.5833333333333,14.358,0.089
1970.6666666666667,13.64,0.091
1970.75,12.243,0.074
1970.8333333333333,9.307,0.069
1970.9166666666667,6.005,0.061
1971.0,3.448,0.05
1971.0833333333333,2.921,0.099
1971.1666666666667,2.835,0.083
1971.25,4.984,0.068
1971.3333333333333,8.268,0.08
1971.4166666666667,11.157,0.12
1971.5,13.048,0.111
1971.5833333333333,14.106,0.157
1971.6666666666667,13.853,0.073
1971.75,12.089,0.216
1971.8333333333333,9.335,0.106
1971.9166666666667,6.255,0.045
1972.0,3.817,0.084
1972.0833333333333,1.828,0.074
1972.1666666666667,2.554,0.06
1972.25,5.189,0.19
1972.3333333333333,8.282,0.119
1972.4166666666667,11.117,0.147
1972.5,13.425,0.132
1972.5833333333333,14.192,0.17
1972.6666666666667,14.155,0.11
1972.75,11.872,0.165
1972.8333333333333,9.279,0.126
1972.9166666666667,5.754,0.061
1973.0,3.741,0.064
1973.0833333333333,3.005,0.074
1973.1666666666667,3.867,0.119
1973.25,5.829,0.063
1973.3333333333333,8.921,0.093
1973.4166666666667,11.733,0.093
1973.5,13.779,0.09
1973.5833333333333,14.414,0.118
1973.6666666666667,13.864,0.136
1973.75,12.111,0.085
1973.8333333333333,9.57,0.113
1973.9166666666667,6.214,0.046
1974.0,3.825,0.085
1974.0833333333333,2.251,0.129
1974.1666666666667,2.548,0.05
1974.25,5.159,0.098
1974.3333333333333,8.311,0.079
1974.4166666666667,11.145,0.069
1974.5,13.351,0.067
1974.5833333333333,14.272,0.06
1974.6666666666667,14.006,0.103
1974.75,11.725,0.148
1974.8333333333333,9.084,0.079
1974.9166666666667,5.857,0.069
1975.0,3.513,0.084
1975.0833333333333,3.03,0.097
1975.1666666666667,3.398,0.076
1975.25,5.7,0.074
1975.3333333333333,8.563,0.114
1975.4166666666667,11.717,0.092
1975.5,13.505,0.107
1975.5833333333333,14.319,0.096
1975.6666666666667,13.469,0.118
1975.75,12.108,0.044
1975.8333333333333,9.305,0.08
1975.9166666666667,5.907,0.049
1976.0,3.674,0.075
1976.0833333333333,2.884,0.097
1976.1666666666667,3.057,0.118
1976.25,4.517,0.072
1976.3333333333333,8.258,0.087
1976.4166666666667,10.911,0.164
1976.5,13.051,0.131
1976.5833333333333,14.177,0.277
1976.6666666666667,13.517,0.225
1976.75,11.89,0.049
1976.8333333333333,8.514,0.167
1976.9166666666667,5.679,0.052
1977.0,3.689,0.096
1977.0833333333333,2.509,0.082
1977.1666666666667,3.511,0.104
1977.25,5.733,0.089
1977.3333333333333,8.822,0.067
1977.4166666666667,11.76,0.177
1977.5,13.869,0.072
1977.5833333333333,14.641,0.123
1977.6666666666667,14.126,0.122
1977.75,11.878,0.15
1977.8333333333333,9.175,0.089
1977.9166666666667,6.557,0.062
1978.0,3.783,0.165
1978.0833333333333,2.741,0.129
1978.1666666666667,3.488,0.075
1978.25,5.628,0.081
1978.3333333333333,8.786,0.056
1978.4166666666667,11.364,0.1
1978.5,13.179,0.099
1978.5833333333333,14.354,0.228
1978.6666666666667,13.302,0.12
1978.75,12.039,0.105
1978.8333333333333,9.338,0.081
1978.9166666666667,6.367,0.107
1979.0,3.763,0.144
1979.0833333333333,2.68,0.125
1979.1666666666667,2.862,0.076
1979.25,5.445,0.061
1979.3333333333333,8.444,0.065
1979.4166666666667,11.108,0.114
1979.5,13.387,0.134
1979.5833333333333,14.062,0.067
1979.6666666666667,13.834,0.061
1979.75,12.234,0.068
1979.8333333333333,9.558,0.121
1979.9166666666667,6.292,0.092
1980.0,4.597,0.076
1980.0833333333333,2.97,0.116
1980.1666666666667,3.678,0.099
1980.25,5.354,0.067
1980.3333333333333,8.891,0.056
1980.4166666666667,11.755,0.107
1980.5,13.545,0.149
1980.5833333333333,14.738,0.07
1980.6666666666667,14.191,0.144
1980.75,12.314,0.104
1980.8333333333333,9.549,0.047
1980.9166666666667,6.697,0.063
1981.0,4.023,0.088
1981.0833333333333,3.819,0.067
1981.1666666666667,4.048,0.045
1981.25,6.203,0.089
1981.3333333333333,8.89,0.058
1981.4166666666667,11.497,0.127
1981.5,13.734,0.061
1981.5833333333333,14.709,0.038
1981.6666666666667,14.54,0.093
1981.75,12.199,0.158
1981.8333333333333,9.354,0.086
1981.9166666666667,6.259,0.051
1982.0,4.543,0.07
1982.0833333333333,2.568,0.099
1982.1666666666667,3.323,0.061
1982.25,4.899,0.075
1982.3333333333333,8.46,0.062
1982.4166666666667,11.339,0.056
1982.5,13.258,0.086
1982.5833333333333,14.543,0.085
1982.6666666666667,13.804,0.061
1982.75,12.043,0.097
1982.8333333333333,9.228,0.04
1982.9166666666667,5.984,0.116
1983.0,4.363,0.065
1983.0833333333333,3.457,0.078
1983.1666666666667,3.856,0.049
1983.25,5.691,0.053
1983.3333333333333,8.694,0.09
1983.4166666666667,11.725,0.116
1983.5,13.464,0.091
1983.5833333333333,14.397,0.069
1983.6666666666667,14.305,0.078
1983.75,12.708,0.115
1983.8333333333333,9.492,0.074
1983.9166666666667,6.771,0.092
1984.0,3.868,0.054
1984.0833333333333,2.952,0.067
1984.1666666666667,3.104,0.093
1984.25,5.68,0.069
1984.3333333333333,8.412,0.12
1984.4166666666667,11.984,0.106
1984.5,13.338,0.179
1984.5833333333333,14.408,0.095
1984.6666666666667,13.936,0.054
1984.75,12.028,0.048
1984.8333333333333,9.376,0.094
1984.9166666666667,5.836,0.077
1985.0,3.173,0.092
1985.0833333333333,3.049,0.088
1985.1666666666667,2.724,0.079
1985.25,5.444,0.043
1985.3333333333333,8.61,0.072
1985.4166666666667,11.422,0.049
1985.5,13.573,0.141
1985.5833333333333,13.968,0.102
1985.6666666666667,14.061,0.079
1985.75,11.946,0.095
1985.8333333333333,9.36,0.143
1985.9166666666667,5.996,0.117
1986.0,3.845,0.085
1986.0833333333333,3.336,0.184
1986.1666666666667,4.025,0.043
1986.25,5.806,0.08
1986.3333333333333,8.85,0.066
1986.4166666666667,11.589,0.09
1986.5,13.394,0.116
1986.5833333333333,14.289,0.103
1986.6666666666667,13.988,0.074
1986.75,11.852,0.073
1986.8333333333333,9.348,0.1
1986.9166666666667,5.965,0.062
1987.0,3.81,0.057
1987.0833333333333,3.169,0.058
1987.1666666666667,4.18,0.07
1987.25,5.297,0.035
1987.3333333333333,8.583,0.058
1987.4166666666667,11.516,0.067
1987.5,13.909,0.112
1987.5833333333333,14.872,0.049
1987.6666666666667,13.919,0.095
1987.75,12.478,0.083
1987.8333333333333,9.634,0.076
1987.9166666666667,6.075,0.057
1988.0,4.514,0.062
1988.0833333333333,3.49,0.082
1988.1666666666667,3.457,0.043
1988.25,5.937,0.047
1988.3333333333333,8.998,0.059
1988.4166666666667,11.846,0.141
1988.5,14.069,0.116
1988.5833333333333,14.756,0.085
1988.6666666666667,14.542,0.134
1988.75,12.727,0.072
1988.8333333333333,9.996,0.055
1988.9166666666667,6.321,0.056
1989.0,4.406,0.087
1989.0833333333333,2.739,0.107
1989.1666666666667,3.653,0.074
1989.25,5.8,0.114
1989.3333333333333,8.697,0.141
1989.4166666666667,11.262,0.122
1989.5,13.439,0.09
1989.5833333333333,14.615,0.118
1989.6666666666667,14.162,0.137
1989.75,12.42,0.084
1989.8333333333333,9.778,0.098
1989.9166666666667,6.223,0.072
1990.0,4.488,0.107
1990.0833333333333,3.283,0.077
1990.1666666666667,3.718,0.056
1990.25,6.741,0.064
1990.3333333333333,9.163,0.101
1990.4166666666667,11.826,0.082
1990.5,13.867,0.11
1990.5833333333333,14.765,0.096
1990.6666666666667,14.113,0.091
1990.75,12.223,0.158
1990.8333333333333,9.894,0.065
1990.9166666666667,6.94,0.121
1991.0,4.452,0.09
1991.0833333333333,3.277,0.061
1991.1666666666667,4.122,0.095
1991.25,5.588,0.048
1991.3333333333333,9.257,0.069
1991.4166666666667,11.599,0.079
1991.5,14.264,0.085
1991.5833333333333,14.993,0.069
1991.6666666666667,14.329,0.107
1991.75,12.68,0.097
1991.8333333333333,9.771,0.095
1991.9166666666667,6.451,0.059
1992.0,4.106,0.098
1992.0833333333333,3.6,0.068
1992.1666666666667,3.906,0.07
1992.25,5.932,0.156
1992.3333333333333,8.563,0.082
1992.4166666666667,11.523,0.087
1992.5,13.565,0.083
1992.5833333333333,14.136,0.042
1992.6666666666667,13.776,0.078
1992.75,11.66,0.065
1992.8333333333333,9.379,0.076
1992.9166666666667,5.923,0.075
1993.0,4.113,0.14
1993.0833333333333,3.32,0.11
1993.1666666666667,3.826,0.051
1993.25,5.927,0.059
1993.3333333333333,8.678,0.045
1993.4166666666667,11.462,0.088
1993.5,13.519,0.07
1993.5833333333333,14.56,0.071
1993.6666666666667,13.845,0.065
1993.75,11.966,0.037
1993.8333333333333,9.64,0.091
1993.9166666666667,5.776,0.051
1994.0,4.088,0.055
1994.0833333333333,3.075,0.084
1994.1666666666667,2.858,0.088
1994.25,5.746,0.075
1994.3333333333333,9.012,0.079
1994.4166666666667,11.666,0.07
1994.5,14.137,0.088
1994.5833333333333,14.692,0.089
1994.6666666666667,13.985,0.068
1994.75,12.527,0.034
1994.8333333333333,10.017,0.063
1994.9166666666667,6.829,0.054
1995.0,4.123,0.044
1995.0833333333333,3.589,0.08
1995.1666666666667,4.696,0.072
1995.25,5.96,0.037
1995.3333333333333,8.985,0.082
1995.4166666666667,11.568,0.073
1995.5,14.134,0.124
1995.5833333333333,15.09,0.082
1995.6666666666667,14.632,0.057
1995.75,12.577,0.059
1995.8333333333333,10.104,0.07
1995.9166666666667,6.79,0.051
1996.0,4.135,0.05
1996.0833333333333,2.91,0.086
1996.1666666666667,4.017,0.059
1996.25,5.563,0.06
1996.3333333333333,8.668,0.053
1996.4166666666667,11.563,0.106
1996.5,13.648,0.074
1996.5833333333333,14.823,0.092
1996.6666666666667,14.594,0.069
1996.75,12.336,0.075
1996.8333333333333,9.522,0.09
1996.9166666666667,6.552,0.064
1997.0,4.34,0.059
1997.0833333333333,3.186,0.075
1997.1666666666667,3.804,0.047
1997.25,5.957,0.04
1997.3333333333333,8.855,0.084
1997.4166666666667,11.564,0.053
1997.5,14.112,0.09
1997.5833333333333,14.5,0.08
1997.6666666666667,14.227,0.068
1997.75,12.671,0.064
1997.8333333333333,10.126,0.078
1997.9166666666667,6.884,0.063
1998.0,4.451,0.072
1998.0833333333333,3.407,0.081
1998.1666666666667,4.871,0.036
1998.25,6.01,0.027
1998.3333333333333,9.334,0.069
1998.4166666666667,12.263,0.062
1998.5,14.519,0.07
1998.5833333333333,15.32,0.078
1998.6666666666667,14.889,0.096
1998.75,12.674,0.084
1998.8333333333333,9.965,0.099
1998.9166666666667,6.441,0.047
1999.0,4.723,0.056
1999.0833333333333,3.609,0.128
1999.1666666666667,4.706,0.08
1999.25,5.534,0.038
1999.3333333333333,8.791,0.048
1999.4166666666667,11.662,0.075
1999.5,14.028,0.102
1999.5833333333333,14.817,0.08
1999.6666666666667,14.349,0.072
1999.75,12.725,0.088
1999.8333333333333,9.991,0.13
1999.9166666666667,6.638,0.059
2000.0,4.586,0.065
2000.0833333333333,2.99,0.085
2000.1666666666667,4.216,0.042
2000.25,6.207,0.052
2000.3333333333333,9.544,0.064
2000.4166666666667,11.865,0.057
2000.5,14.04,0.055
2000.5833333333333,14.832,0.051
2000.6666666666667,14.537,0.069
2000.75,12.579,0.079
2000.8333333333333,9.47,0.089
2000.9166666666667,6.303,0.046
2001.0,3.89,0.101
2001.0833333333333,3.388,0.086
2001.1666666666667,3.762,0.054
2001.25,6.244,0.033
2001.3333333333333,9.22,0.037
2001.4166666666667,12.266,0.044
2001.5,14.064,0.084
2001.5833333333333,15.124,0.056
2001.6666666666667,14.421,0.052
2001.75,12.727,0.054
2001.8333333333333,9.892,0.08
2001.9166666666667,7.328,0.059
2002.0,4.527,0.079
2002.0833333333333,4.067,0.132
2002.1666666666667,4.734,0.073
2002.25,6.785,0.038
2002.3333333333333,9.21,0.059
2002.4166666666667,12.243,0.049
2002.5,14.065,0.084
2002.5833333333333,15.331,0.109
2002.6666666666667,14.559,0.071
2002.75,12.998,0.045
2002.8333333333333,9.99,0.084
2002.9166666666667,6.938,0.059
2003.0,4.089,0.086
2003.0833333333333,4.018,0.07
2003.1666666666667,4.131,0.087
2003.25,6.062,0.042
2003.3333333333333,9.148,0.049
2003.4166666666667,12.141,0.103
2003.5,13.997,0.069
2003.5833333333333,14.983,0.078
2003.6666666666667,14.66,0.091
2003.75,12.905,0.071
2003.8333333333333,10.403,0.096
2003.9166666666667,6.708,0.081
2004.0,5.136,0.137
2004.0833333333333,3.582,0.115
2004.1666666666667,4.516,0.083
2004.25,6.34,0.051
2004.3333333333333,9.247,0.078
2004.4166666666667,11.512,0.086
2004.5,13.887,0.117
2004.5833333333333,14.281,0.083
2004.6666666666667,14.189,0.08
2004.75,12.629,0.084
2004.8333333333333,10.177,0.114
2004.9166666666667,7.352,0.072
2005.0,4.284,0.049
2005.0833333333333,3.835,0.097
2005.1666666666667,3.965,0.084
2005.25,6.566,0.046
2005.3333333333333,9.568,0.068
2005.4166666666667,12.216,0.054
2005.5,14.462,0.066
2005.5833333333333,15.169,0.062
2005.6666666666667,14.518,0.066
2005.75,13.248,0.049
2005.8333333333333,10.669,0.072
2005.9166666666667,7.463,0.091
2006.0,4.889,0.108
2006.0833333333333,3.31,0.036
2006.1666666666667,4.45,0.055
2006.25,6.335,0.061
2006.3333333333333,9.039,0.061
2006.4166666666667,11.747,0.071
2006.5,14.451,0.061
2006.5833333333333,14.981,0.105
2006.6666666666667,14.924,0.121
2006.75,12.921,0.058
2006.8333333333333,10.357,0.083
2006.9166666666667,6.976,0.105
2007.0,5.035,0.073
2007.0833333333333,4.626,0.071
2007.1666666666667,4.266,0.064
2007.25,6.411,0.062
2007.3333333333333,9.782,0.089
2007.4166666666667,12.521,0.094
2007.5,14.345,0.086
2007.5833333333333,15.226,0.077
2007.6666666666667,14.77,0.067
2007.75,12.981,0.055
2007.8333333333333,10.35,0.063
2007.9166666666667,7.125,0.11
2008.0,4.557,0.059
2008.0833333333333,2.921,0.078
2008.1666666666667,3.65,0.086
2008.25,6.897,0.05
2008.3333333333333,9.291,0.054
2008.4166666666667,12.022,0.094
2008.5,14.132,0.127
2008.5833333333333,15.154,0.065
2008.6666666666667,14.35,0.096
2008.75,12.832,0.104
2008.8333333333333,10.477,0.055
2008.9166666666667,7.273,0.058
2009.0,4.432,0.057
2009.0833333333333,3.733,0.066
2009.1666666666667,4.146,0.07
2009.25,6.115,0.046
2009.3333333333333,9.324,0.101
2009.4166666666667,12.152,0.094
2009.5,14.257,0.105
2009.5833333333333,15.287,0.07
2009.6666666666667,14.71,0.086
2009.75,13.202,0.073
2009.8333333333333,10.159,0.054
2009.9166666666667,7.095,0.055
2010.0,4.343,0.095
2010.0833333333333,3.742,0.063
2010.1666666666667,4.422,0.07
2010.25,6.728,0.054
2010.3333333333333,9.684,0.079
2010.4166666666667,12.427,0.087
2010.5,14.39,0.068
2010.5833333333333,15.174,0.076
2010.6666666666667,14.79,0.094
2010.75,12.938,0.084
2010.8333333333333,10.485,0.059
2010.9166666666667,7.527,0.061
2011.0,4.308,0.08
2011.0833333333333,3.342,0.096
2011.1666666666667,3.753,0.051
2011.25,6.104,0.053
2011.3333333333333,9.477,0.05
2011.4166666666667,11.964,0.076
2011.5,14.375,0.089
2011.5833333333333,15.51,0.08
2011.6666666666667,15.09,0.063
2011.75,12.941,0.052
2011.8333333333333,10.401,0.066
2011.9166666666667,6.839,0.073
2012.0,4.68,0.104
2012.0833333333333,3.19,0.094
2012.1666666666667,3.622,0.087
2012.25,6.017,0.053
2012.3333333333333,9.643,0.075
2012.4166666666667,12.57,0.117
2012.5,14.458,0.117
2012.5833333333333,15.085,0.112
2012.6666666666667,14.717,0.074
2012.75,13.021,0.075
2012.8333333333333,10.424,0.073
2012.9166666666667,7.154,0.058
2013.0,4.088,0.063
2013.0833333333333,3.746,0.06
2013.1666666666667,4.212,0.058
2013.25,6.243,0.092
2013.3333333333333,9.021,0.092
2013.4166666666667,12.188,0.12
2013.5,14.537,0.113
2013.5833333333333,14.989,0.09
2013.6666666666667,14.799,0.113
2013.75,13.192,0.08
2013.8333333333333,10.283,0.076
2013.9166666666667,7.442,0.046
2014.0,4.732,0.076
2014.0833333333333,3.791,0.085
2014.1666666666667,3.531,0.064
2014.25,6.374,0.099
2014.3333333333333,9.582,0.066
2014.4166666666667,12.53,0.077
2014.5,14.281,0.091
2014.5833333333333,14.868,0.132
2014.6666666666667,14.909,0.083
2014.75,13.132,0.066
2014.8333333333333,10.385,0.076
2014.9166666666667,6.772,0.066
2015.0,4.906,0.112
2015.0833333333333,3.939,0.117
2015.1666666666667,4.678,0.052
2015.25,6.757,0.045
2015.3333333333333,9.312,0.047
2015.4166666666667,12.32,0.119
2015.5,14.492,0.061
2015.5833333333333,15.065,0.082
2015.6666666666667,14.782,0.107
2015.75,13.011,0.108
2015.8333333333333,10.807,0.075
2015.9166666666667,7.467,0.057
2016.0,5.511,0.11
2016.0833333333333,4.266,0.095
2016.1666666666667,5.403,0.062
2016.25,7.516,0.065
2016.3333333333333,10.128,0.085
2016.4166666666667,12.6,0.072
2016.5,14.346,0.119
2016.5833333333333,15.273,0.118
2016.6666666666667,15.304,0.089
2016.75,13.206,0.068
2016.8333333333333,10.28,0.092
2016.9166666666667,7.228,0.132
2017.0,4.961,0.073
2017.0833333333333,4.21,0.071
2017.1666666666667,4.967,0.06
2017.25,7.169,0.057
2017.3333333333333,9.624,0.082
2017.4166666666667,12.601,0.088
2017.5,14.233,0.13
2017.5833333333333,15.31,0.082
2017.6666666666667,14.928,0.09
2017.75,13.037,0.127
2017.8333333333333,10.567,0.08
2017.9166666666667,7.174,0.082
2018.0,5.167,0.089
2018.0833333333333,3.801,0.087
2018.1666666666667,4.322,0.058
2018.25,6.702,0.065
2018.3333333333333,9.655,0.079
2018.4166666666667,12.405,0.08
2018.5,14.451,0.109
2018.5833333333333,15.457,0.087
2018.6666666666667,14.835,0.116
2018.75,12.94,0.107
2018.8333333333333,10.639,0.068
2018.9166666666667,6.908,0.07
2019.0,4.897,0.084
2019.0833333333333,4.051,0.086
2019.1666666666667,4.448,0.078
2019.25,7.132,0.086
2019.3333333333333,9.852,0.071
2019.4166666666667,12.319,0.112
2019.5,14.487,0.114
2019.5833333333333,15.464,0.104
2019.6666666666667,14.95,0.088
2019.75,13.272,0.072
2019.8333333333333,10.76,0.091
2019.9166666666667,7.311,0.121
2020.0,5.41,0.12
2020.0833333333333,4.657,0.096
2020.1666666666667,5.337,0.053
2020.25,7.093,0.066
2020.3333333333333,10.004,0.067
2020.4166666666667,12.618,0.07
2020.5,14.66,0.077
2020.5833333333333,15.484,0.098
2020.6666666666667,14.966,0.094
2020.75,13.496,0.083
2020.8333333333333,10.478,0.117
2020.9166666666667,7.797,0.126
2021.0,4.809,0.128
2021.0833333333333,3.863,0.1
2021.1666666666667,3.966,0.06
2021.25,6.71,0.064
2021.3333333333333,9.463,0.05
2021.4166666666667,12.315,0.07
2021.5,14.619,0.13
2021.5833333333333,15.635,0.11
2021.6666666666667,15.043,0.083
2021.75,13.387,0.091
